Filter	FusionName	Chr1	Breakpoint1	Chr2	Breakpoint2	Tools	Score	Keep	Gene1	Gene2	GeneId1	GeneId2	OrigTranscriptId1	OrigTranscriptId2	TranscriptId1	TranscriptId2	Exon1	Exon2	Strand1	Strand2	Site1	Site2	ChrType	Distance	SplitReads	SpanningReads	MeanSplitReads	MeanSpanningReads	ReadingFrame	Mitelman	PutativeReadThrough	Tags	ProteinDomains1	ProteinDomains2	Reciprocal	WhiteList	PinkList	BlackList	CosmicKnown	CosmicGene1	CosmicGene2	CosmicRole1	CosmicRole2
PASS	KRT14--NSD1	chr17	41582279	chr5	177265727	FusionCatcher	1	TRUE	KRT14	NSD1	ENSG00000186847	ENSG00000165671	.	.	.	.	.	.	-	+	UTR	UTR	inter	NA	7	267	7	267	.	.	.	cancer|exon-exon|long_repeats|lr0.16|m3|oncogene|polyA|short_repeats|sr0.00|tumor	.	.	.	.	pinklist	.	.	.	Yes	.	F
PASS	CTNNB1--POM121L9P	chr3	41237467	chr22	24260908	FusionCatcher	1	TRUE	CTNNB1	POM121L9P	ENSG00000168036	ENSG00000128262	.	.	.	.	.	.	+	+	UTR	exonic(no-known-CDS)	inter	NA	6	66	6	66	.	.	.	cancer|exon-exon|long_repeats|lr0.00|m37|oncogene|polyA|pseudogene|short_repeats|sr0.00	.	.	.	.	pinklist	.	.	Yes	.	OG,F	.
PASS	CTNNB1--DTX2P1-UPK3BP1-PMS2P11	chr3	41237467	chr7	76981102	FusionCatcher	1	TRUE	CTNNB1	DTX2P1-UPK3BP1-PMS2P11	ENSG00000168036	ENSG00000265479	.	.	.	.	.	.	+	+	UTR	exonic(no-known-CDS)	inter	NA	6	57	6	57	.	.	.	cancer|exon-exon|lncrna|long_repeats|lr0.00|m7|oncogene|polyA|short_repeats|sr0.00	.	.	.	.	pinklist	.	.	Yes	.	OG,F	.
PASS	CTNNB1--LINC01514	chr3	41237467	chr10	101181690	FusionCatcher	1	TRUE	CTNNB1	LINC01514	ENSG00000168036	ENSG00000237579	.	.	.	.	.	.	+	+	UTR	exonic(no-known-CDS)	inter	NA	6	39	6	39	.	.	.	cancer|exon-exon|lncrna|long_repeats|lr0.00|m11|oncogene|polyA|short_repeats|sr0.00	.	.	.	.	pinklist	.	.	Yes	.	OG,F	.
PASS	CTNNB1--TPRXL	chr3	41237467	chr3	13937401	FusionCatcher	1	TRUE	CTNNB1	TPRXL	ENSG00000168036	ENSG00000180438	.	.	.	.	.	.	+	+	UTR	exonic(no-known-CDS)	intra	27300066	6	34	6	34	.	.	.	cancer|exon-exon|long_repeats|lr0.00|m3|oncogene|polyA|pseudogene|short_repeats|sr0.00	.	.	.	.	pinklist	.	.	Yes	.	OG,F	.
PASS	CTNNB1--C11ORF80	chr3	41237467	chr11	66762079	FusionCatcher	1	TRUE	CTNNB1	C11ORF80	ENSG00000168036	ENSG00000173715	.	.	.	.	.	.	+	+	UTR	UTR	inter	NA	6	33	6	33	.	.	.	cancer|exon-exon|long_repeats|lr0.00|m10|oncogene|polyA|short_repeats|sr0.00	.	.	.	.	pinklist	.	.	Yes	.	OG,F	.
PASS	CTNNB1--WBP2NL	chr3	41237467	chr22	42001100	FusionCatcher	1	TRUE	CTNNB1	WBP2NL	ENSG00000168036	ENSG00000183066	.	.	.	.	.	.	+	+	UTR	UTR	inter	NA	6	25	6	25	.	.	.	cancer|exon-exon|long_repeats|lr0.00|m4|oncogene|polyA|short_repeats|sr0.00	.	.	.	.	pinklist	.	.	Yes	.	OG,F	.
PASS	CTNNB1--ANO6	chr3	41237467	chr12	45215987	FusionCatcher	1	TRUE	CTNNB1	ANO6	ENSG00000168036	ENSG00000177119	.	.	.	.	.	.	+	+	UTR	UTR	inter	NA	6	21	6	21	.	.	.	cancer|exon-exon|long_repeats|lr0.00|m5|oncogene|polyA|short_repeats|sr0.00	.	.	.	.	pinklist	.	.	Yes	.	OG,F	.
PASS	CTNNB1--MUC20-OT1	chr3	41237467	chr3	195681603	FusionCatcher	1	TRUE	CTNNB1	MUC20-OT1	ENSG00000168036	ENSG00000242086	.	.	.	.	.	.	+	+	UTR	exonic(no-known-CDS)	intra	154444136	6	15	6	15	.	.	.	cancer|exon-exon|lncrna|long_repeats|lr0.00|m3|oncogene|polyA|short_repeats|sr0.00	.	.	.	.	pinklist	.	.	Yes	.	OG,F	.
PASS	CTNNB1--H1FX-AS1	chr3	41237467	chr3	129323350	FusionCatcher	1	TRUE	CTNNB1	H1FX-AS1	ENSG00000168036	ENSG00000206417	.	.	.	.	.	.	+	+	UTR	exonic(no-known-CDS)	intra	88085883	6	8	6	8	.	.	.	cancer|exon-exon|lncrna|long_repeats|lr0.00|m4|oncogene|polyA|short_repeats|sr0.00	.	.	.	.	pinklist	.	.	Yes	.	OG,F	.
PASS	CTNNB1--POM121L9P	chr3	41237466	chr22	24260908	FusionCatcher	1	TRUE	CTNNB1	POM121L9P	ENSG00000168036	ENSG00000128262	.	.	.	.	.	.	+	+	UTR	exonic(no-known-CDS)	inter	NA	5	66	5	66	.	.	.	cancer|exon-exon|long_repeats|lr0.00|m37|oncogene|polyA|pseudogene|short_repeats|sr0.00	.	.	.	.	pinklist	.	.	Yes	.	OG,F	.
PASS	CTNNB1--DTX2P1-UPK3BP1-PMS2P11	chr3	41237466	chr7	76981102	FusionCatcher	1	TRUE	CTNNB1	DTX2P1-UPK3BP1-PMS2P11	ENSG00000168036	ENSG00000265479	.	.	.	.	.	.	+	+	UTR	exonic(no-known-CDS)	inter	NA	5	57	5	57	.	.	.	cancer|exon-exon|lncrna|long_repeats|lr0.00|m7|oncogene|polyA|short_repeats|sr0.00	.	.	.	.	pinklist	.	.	Yes	.	OG,F	.
PASS	CTNNB1--LINC01514	chr3	41237466	chr10	101181690	FusionCatcher	1	TRUE	CTNNB1	LINC01514	ENSG00000168036	ENSG00000237579	.	.	.	.	.	.	+	+	UTR	exonic(no-known-CDS)	inter	NA	5	39	5	39	.	.	.	cancer|exon-exon|lncrna|long_repeats|lr0.00|m11|oncogene|polyA|short_repeats|sr0.00	.	.	.	.	pinklist	.	.	Yes	.	OG,F	.
PASS	CTNNB1--TPRXL	chr3	41237466	chr3	13937401	FusionCatcher	1	TRUE	CTNNB1	TPRXL	ENSG00000168036	ENSG00000180438	.	.	.	.	.	.	+	+	UTR	exonic(no-known-CDS)	intra	27300065	5	34	5	34	.	.	.	cancer|exon-exon|long_repeats|lr0.00|m3|oncogene|polyA|pseudogene|short_repeats|sr0.00	.	.	.	.	pinklist	.	.	Yes	.	OG,F	.
PASS	CTNNB1--C11ORF80	chr3	41237466	chr11	66762079	FusionCatcher	1	TRUE	CTNNB1	C11ORF80	ENSG00000168036	ENSG00000173715	.	.	.	.	.	.	+	+	UTR	UTR	inter	NA	5	33	5	33	.	.	.	cancer|exon-exon|long_repeats|lr0.00|m10|oncogene|polyA|short_repeats|sr0.00	.	.	.	.	pinklist	.	.	Yes	.	OG,F	.
PASS	CTNNB1--WBP2NL	chr3	41237466	chr22	42001100	FusionCatcher	1	TRUE	CTNNB1	WBP2NL	ENSG00000168036	ENSG00000183066	.	.	.	.	.	.	+	+	UTR	UTR	inter	NA	5	25	5	25	.	.	.	cancer|exon-exon|long_repeats|lr0.00|m4|oncogene|polyA|short_repeats|sr0.00	.	.	.	.	pinklist	.	.	Yes	.	OG,F	.
PASS	CTNNB1--ANO6	chr3	41237466	chr12	45215987	FusionCatcher	1	TRUE	CTNNB1	ANO6	ENSG00000168036	ENSG00000177119	.	.	.	.	.	.	+	+	UTR	UTR	inter	NA	5	21	5	21	.	.	.	cancer|exon-exon|long_repeats|lr0.00|m5|oncogene|polyA|short_repeats|sr0.00	.	.	.	.	pinklist	.	.	Yes	.	OG,F	.
PASS	CTNNB1--MUC20-OT1	chr3	41237466	chr3	195681603	FusionCatcher	1	TRUE	CTNNB1	MUC20-OT1	ENSG00000168036	ENSG00000242086	.	.	.	.	.	.	+	+	UTR	exonic(no-known-CDS)	intra	154444137	5	15	5	15	.	.	.	cancer|exon-exon|lncrna|long_repeats|lr0.00|m3|oncogene|polyA|short_repeats|sr0.00	.	.	.	.	pinklist	.	.	Yes	.	OG,F	.
PASS	CTNNB1--H1FX-AS1	chr3	41237466	chr3	129323350	FusionCatcher	1	TRUE	CTNNB1	H1FX-AS1	ENSG00000168036	ENSG00000206417	.	.	.	.	.	.	+	+	UTR	exonic(no-known-CDS)	intra	88085884	5	8	5	8	.	.	.	cancer|exon-exon|lncrna|long_repeats|lr0.00|m4|oncogene|polyA|short_repeats|sr0.00	.	.	.	.	pinklist	.	.	Yes	.	OG,F	.
REJECT	KRT1--KRT6A	chr12	52677071	chr12	52491736	Arriba	1	TRUE	KRT1	KRT6A	ENSG00000167768	ENSG00000205420	ENST00000252244.3	ENST00000330722.7	ENST00000252244.3	ENST00000330722.7	e6	e2	-	-	CDS	CDS/splice-site	intra	185335	15	0	15	0	in-frame	.	readthrough	.	Intermediate_filament_protein(98%)|Keratin_type_II_head(100%)	Intermediate_filament_protein(100%)	.	.	.	.	.	.	.	.	.
REJECT	DST--DTX2P1-UPK3BP1-PMS2P11	chr6	56483529	chr7	76981102	FusionCatcher	1	TRUE	DST	DTX2P1-UPK3BP1-PMS2P11	ENSG00000151914	ENSG00000265479	.	.	.	.	.	.	-	+	UTR	exonic(no-known-CDS)	inter	NA	15	113	15	113	.	.	.	cancer|exon-exon|lncrna|long_repeats|lr0.00|m17|polyA|short_repeats|sr0.00	.	.	.	.	.	.	.	.	.	.	.
REJECT	DST--POM121L9P	chr6	56483529	chr22	24260908	FusionCatcher	1	TRUE	DST	POM121L9P	ENSG00000151914	ENSG00000128262	.	.	.	.	.	.	-	+	UTR	exonic(no-known-CDS)	inter	NA	15	113	15	113	.	.	.	cancer|exon-exon|long_repeats|lr0.00|m49|polyA|pseudogene|short_repeats|sr0.00	.	.	.	.	.	.	.	.	.	.	.
REJECT	DST--UBA6-AS1	chr6	56483529	chr4	68063062	FusionCatcher	1	TRUE	DST	UBA6-AS1	ENSG00000151914	ENSG00000248049	.	.	.	.	.	.	-	+	UTR	exonic(no-known-CDS)	inter	NA	15	81	15	81	.	.	.	cancer|exon-exon|lncrna|long_repeats|lr0.00|m10|polyA|short_repeats|sr0.00	.	.	.	.	.	.	.	.	.	.	.
REJECT	DST--LINC01514	chr6	56483529	chr10	101181690	FusionCatcher	1	TRUE	DST	LINC01514	ENSG00000151914	ENSG00000237579	.	.	.	.	.	.	-	+	UTR	exonic(no-known-CDS)	inter	NA	15	65	15	65	.	.	.	cancer|exon-exon|lncrna|long_repeats|lr0.00|m9|polyA|short_repeats|sr0.00	.	.	.	.	.	.	.	.	.	.	.
REJECT	DST--TPRXL	chr6	56483529	chr3	13937401	FusionCatcher	1	TRUE	DST	TPRXL	ENSG00000151914	ENSG00000180438	.	.	.	.	.	.	-	+	UTR	exonic(no-known-CDS)	inter	NA	15	60	15	60	.	.	.	cancer|exon-exon|long_repeats|lr0.00|m7|polyA|pseudogene|short_repeats|sr0.00	.	.	.	.	.	.	.	.	.	.	.
REJECT	DST--ANO6	chr6	56483529	chr12	45215987	FusionCatcher	1	TRUE	DST	ANO6	ENSG00000151914	ENSG00000177119	.	.	.	.	.	.	-	+	UTR	UTR	inter	NA	15	50	15	50	.	.	.	cancer|exon-exon|long_repeats|lr0.00|m7|polyA|short_repeats|sr0.00	.	.	.	.	.	.	.	.	.	.	.
REJECT	DST--WBP2NL	chr6	56483529	chr22	42001100	FusionCatcher	1	TRUE	DST	WBP2NL	ENSG00000151914	ENSG00000183066	.	.	.	.	.	.	-	+	UTR	UTR	inter	NA	15	47	15	47	.	.	.	cancer|exon-exon|long_repeats|lr0.00|m8|polyA|short_repeats|sr0.00	.	.	.	.	.	.	.	.	.	.	.
REJECT	DST--AC098850.4	chr6	56483529	chr17	16788057	FusionCatcher	1	TRUE	DST	AC098850.4	ENSG00000151914	ENSG00000272815	.	.	.	.	.	.	-	+	UTR	exonic(no-known-CDS)	inter	NA	15	45	15	45	.	.	.	cancer|exon-exon|lncrna|long_repeats|lr0.00|m3|polyA|short_repeats|sr0.00	.	.	.	.	.	.	.	.	.	.	.
REJECT	DST--C11ORF80	chr6	56483529	chr11	66762079	FusionCatcher	1	TRUE	DST	C11ORF80	ENSG00000151914	ENSG00000173715	.	.	.	.	.	.	-	+	UTR	UTR	inter	NA	15	45	15	45	.	.	.	cancer|exon-exon|long_repeats|lr0.00|m8|polyA|short_repeats|sr0.00	.	.	.	.	.	.	.	.	.	.	.
REJECT	DST--H1FX-AS1	chr6	56483529	chr3	129323350	FusionCatcher	1	TRUE	DST	H1FX-AS1	ENSG00000151914	ENSG00000206417	.	.	.	.	.	.	-	+	UTR	exonic(no-known-CDS)	inter	NA	15	20	15	20	.	.	.	cancer|exon-exon|lncrna|long_repeats|lr0.00|m3|polyA|short_repeats|sr0.00	.	.	.	.	.	.	.	.	.	.	.
REJECT	DSPP--DSPP	chr4	87616103	chr4	87616135	Arriba	1	TRUE	DSPP	DSPP	ENSG00000152591	ENSG00000152591	.	.	.	.	.	.	+	+	CDS	CDS	intra	32	14	0	14	0	.	.	.	.	.	.	reciprocal	.	.	.	.	.	.	.	.
REJECT	RPL27--POM121L9P	chr17	43002948	chr22	24260908	FusionCatcher	1	TRUE	RPL27	POM121L9P	ENSG00000131469	ENSG00000128262	.	.	.	.	.	.	+	+	UTR	exonic(no-known-CDS)	inter	NA	8	15	8	15	.	.	.	exon-exon|long_repeats|lr0.48|m4|polyA|pseudogene|ribosomal|short_repeats|sr0.00	.	.	.	.	.	.	.	.	.	.	.
REJECT	KRT6A--NEAT1	chr12	52492882	chr11	65432765	StarFusion	1	TRUE	KRT6A	NEAT1	ENSG00000205420	ENSG00000245532	.	.	.	.	.	.	-	+	.	.	inter	NA	7	6	7	6	.	.	.	.	.	.	.	.	.	.	.	.	.	.	.
REJECT	RPS17--UBA6-AS1	chr15	82536759	chr4	68063062	FusionCatcher	1	TRUE	RPS17	UBA6-AS1	ENSG00000182774	ENSG00000248049	.	.	.	.	.	.	-	+	CDS(no-known-start-or-end)	exonic(no-known-CDS)	inter	NA	7	36	7	36	.	.	.	exon-exon|lncrna|long_repeats|lr0.48|m3|polyA|ribosomal|short_repeats|sr0.00	.	.	.	.	.	.	.	.	.	.	.
REJECT	RPS17--POM121L9P	chr15	82536759	chr22	24260908	FusionCatcher	1	TRUE	RPS17	POM121L9P	ENSG00000182774	ENSG00000128262	.	.	.	.	.	.	-	+	CDS(no-known-start-or-end)	exonic(no-known-CDS)	inter	NA	7	25	7	25	.	.	.	exon-exon|long_repeats|lr0.48|m11|polyA|pseudogene|ribosomal|short_repeats|sr0.00	.	.	.	.	.	.	.	.	.	.	.
REJECT	RPS17--LINC01514	chr15	82536759	chr10	101181690	FusionCatcher	1	TRUE	RPS17	LINC01514	ENSG00000182774	ENSG00000237579	.	.	.	.	.	.	-	+	CDS(no-known-start-or-end)	exonic(no-known-CDS)	inter	NA	7	20	7	20	.	.	.	exon-exon|lncrna|long_repeats|lr0.48|m3|polyA|ribosomal|short_repeats|sr0.00	.	.	.	.	.	.	.	.	.	.	.
REJECT	KRT14--POM121L9P	chr17	41582279	chr22	24260908	FusionCatcher	1	TRUE	KRT14	POM121L9P	ENSG00000186847	ENSG00000128262	.	.	.	.	.	.	-	+	UTR	exonic(no-known-CDS)	inter	NA	7	1056	7	1056	.	.	.	exon-exon|long_repeats|lr0.16|m328|polyA|pseudogene|short_repeats|sr0.00	.	.	.	.	.	.	.	.	.	.	.
REJECT	KRT14--DTX2P1-UPK3BP1-PMS2P11	chr17	41582279	chr7	76981102	FusionCatcher	1	TRUE	KRT14	DTX2P1-UPK3BP1-PMS2P11	ENSG00000186847	ENSG00000265479	.	.	.	.	.	.	-	+	UTR	exonic(no-known-CDS)	inter	NA	7	771	7	771	.	.	.	exon-exon|lncrna|long_repeats|lr0.16|m66|polyA|short_repeats|sr0.00	.	.	.	.	.	.	.	.	.	.	.
REJECT	KRT14--UBA6-AS1	chr17	41582279	chr4	68063062	FusionCatcher	1	TRUE	KRT14	UBA6-AS1	ENSG00000186847	ENSG00000248049	.	.	.	.	.	.	-	+	UTR	exonic(no-known-CDS)	inter	NA	7	569	7	569	.	.	.	exon-exon|lncrna|long_repeats|lr0.16|m33|polyA|short_repeats|sr0.00	.	.	.	.	.	.	.	.	.	.	.
REJECT	KRT14--CCDC144NL-AS1	chr17	41582279	chr17	20958302	FusionCatcher	1	TRUE	KRT14	CCDC144NL-AS1	ENSG00000186847	ENSG00000233098	.	.	.	.	.	.	-	+	UTR	exonic(no-known-CDS)	intra	20623977	7	512	7	512	.	.	.	exon-exon|lncrna|long_repeats|lr0.16|m35|polyA|short_repeats|sr0.00	.	.	.	.	.	.	.	.	.	.	.
REJECT	KRT14--C11ORF80	chr17	41582279	chr11	66762079	FusionCatcher	1	TRUE	KRT14	C11ORF80	ENSG00000186847	ENSG00000173715	.	.	.	.	.	.	-	+	UTR	UTR	inter	NA	7	474	7	474	.	.	.	exon-exon|long_repeats|lr0.16|m56|polyA|short_repeats|sr0.00	.	.	.	.	.	.	.	.	.	.	.
REJECT	KRT14--LINC01514	chr17	41582279	chr10	101181690	FusionCatcher	1	TRUE	KRT14	LINC01514	ENSG00000186847	ENSG00000237579	.	.	.	.	.	.	-	+	UTR	exonic(no-known-CDS)	inter	NA	7	444	7	444	.	.	.	exon-exon|lncrna|long_repeats|lr0.16|m42|polyA|short_repeats|sr0.00	.	.	.	.	.	.	.	.	.	.	.
REJECT	KRT14--TPRXL	chr17	41582279	chr3	13937401	FusionCatcher	1	TRUE	KRT14	TPRXL	ENSG00000186847	ENSG00000180438	.	.	.	.	.	.	-	+	UTR	exonic(no-known-CDS)	inter	NA	7	416	7	416	.	.	.	exon-exon|long_repeats|lr0.16|m24|polyA|pseudogene|short_repeats|sr0.00	.	.	.	.	.	.	.	.	.	.	.
REJECT	KRT14--AC098850.4	chr17	41582279	chr17	16788057	FusionCatcher	1	TRUE	KRT14	AC098850.4	ENSG00000186847	ENSG00000272815	.	.	.	.	.	.	-	+	UTR	exonic(no-known-CDS)	intra	24794222	7	408	7	408	.	.	.	exon-exon|lncrna|long_repeats|lr0.16|m4|polyA|short_repeats|sr0.00	.	.	.	.	.	.	.	.	.	.	.
REJECT	KRT14--ANO6	chr17	41582279	chr12	45215987	FusionCatcher	1	TRUE	KRT14	ANO6	ENSG00000186847	ENSG00000177119	.	.	.	.	.	.	-	+	UTR	UTR	inter	NA	7	311	7	311	.	.	.	exon-exon|long_repeats|lr0.16|m11|polyA|short_repeats|sr0.00	.	.	.	.	.	.	.	.	.	.	.
REJECT	KRT14--H1FX-AS1	chr17	41582279	chr3	129323350	FusionCatcher	1	TRUE	KRT14	H1FX-AS1	ENSG00000186847	ENSG00000206417	.	.	.	.	.	.	-	+	UTR	exonic(no-known-CDS)	inter	NA	7	302	7	302	.	.	.	exon-exon|lncrna|long_repeats|lr0.16|m31|polyA|short_repeats|sr0.00	.	.	.	.	.	.	.	.	.	.	.
REJECT	KRT14--WBP2NL	chr17	41582279	chr22	42001100	FusionCatcher	1	TRUE	KRT14	WBP2NL	ENSG00000186847	ENSG00000183066	.	.	.	.	.	.	-	+	UTR	UTR	inter	NA	7	289	7	289	.	.	.	exon-exon|long_repeats|lr0.16|m22|polyA|short_repeats|sr0.00	.	.	.	.	.	.	.	.	.	.	.
REJECT	KRT14--SCAND2P	chr17	41582279	chr15	84634281	FusionCatcher	1	TRUE	KRT14	SCAND2P	ENSG00000186847	ENSG00000176700	.	.	.	.	.	.	-	+	UTR	exonic(no-known-CDS)	inter	NA	7	257	7	257	.	.	.	exon-exon|long_repeats|lr0.16|m3|polyA|pseudogene|short_repeats|sr0.00	.	.	.	.	.	.	.	.	.	.	.
REJECT	KRT14--LINC02167	chr17	41582279	chr16	35746552	FusionCatcher	1	TRUE	KRT14	LINC02167	ENSG00000186847	ENSG00000261122	.	.	.	.	.	.	-	+	UTR	exonic(no-known-CDS)	inter	NA	7	252	7	252	.	.	.	exon-exon|lncrna|long_repeats|lr0.16|m11|polyA|short_repeats|sr0.00	.	.	.	.	.	.	.	.	.	.	.
REJECT	KRT14--MUC20-OT1	chr17	41582279	chr3	195681603	FusionCatcher	1	TRUE	KRT14	MUC20-OT1	ENSG00000186847	ENSG00000242086	.	.	.	.	.	.	-	+	UTR	exonic(no-known-CDS)	inter	NA	7	226	7	226	.	.	.	exon-exon|lncrna|long_repeats|lr0.16|m7|polyA|short_repeats|sr0.00	.	.	.	.	.	.	.	.	.	.	.
REJECT	KRT14--FRG1HP	chr17	41582279	chr9	41007440	FusionCatcher	1	TRUE	KRT14	FRG1HP	ENSG00000186847	ENSG00000276291	.	.	.	.	.	.	-	+	UTR	exonic(no-known-CDS)	inter	NA	7	219	7	219	.	.	.	exon-exon|long_repeats|lr0.16|m6|polyA|pseudogene|short_repeats|sr0.00	.	.	.	.	.	.	.	.	.	.	.
REJECT	KRT14--LINC00933	chr17	41582279	chr15	84570971	FusionCatcher	1	TRUE	KRT14	LINC00933	ENSG00000186847	ENSG00000259728	.	.	.	.	.	.	-	+	UTR	exonic(no-known-CDS)	inter	NA	7	206	7	206	.	.	.	exon-exon|long_repeats|lr0.16|m5|polyA|pseudogene|short_repeats|sr0.00	.	.	.	.	.	.	.	.	.	.	.
REJECT	KRT14--LINC01087	chr17	41582279	chr2	131648254	FusionCatcher	1	TRUE	KRT14	LINC01087	ENSG00000186847	ENSG00000224559	.	.	.	.	.	.	-	+	UTR	exonic(no-known-CDS)	inter	NA	7	204	7	204	.	.	.	exon-exon|lncrna|long_repeats|lr0.16|m8|polyA|short_repeats|sr0.00	.	.	.	.	.	.	.	.	.	.	.
REJECT	KRT14--AL512310.11	chr17	41582279	chr14	19499737	FusionCatcher	1	TRUE	KRT14	AL512310.11	ENSG00000186847	ENSG00000273639	.	.	.	.	.	.	-	+	UTR	exonic(no-known-CDS)	inter	NA	7	189	7	189	.	.	.	exon-exon|lncrna|long_repeats|lr0.16|m13|polyA|short_repeats|sr0.00	.	.	.	.	.	.	.	.	.	.	.
REJECT	KRT14--LINC01881	chr17	41582279	chr2	242122287	FusionCatcher	1	TRUE	KRT14	LINC01881	ENSG00000186847	ENSG00000220804	.	.	.	.	.	.	-	+	UTR	exonic(no-known-CDS)	inter	NA	7	179	7	179	.	.	.	exon-exon|long_repeats|lr0.16|m3|polyA|pseudogene|short_repeats|sr0.00	.	.	.	.	.	.	.	.	.	.	.
REJECT	KRT14--AC105339.5	chr17	41582279	chr15	82738386	FusionCatcher	1	TRUE	KRT14	AC105339.5	ENSG00000186847	ENSG00000279758	.	.	.	.	.	.	-	+	UTR	exonic(no-known-CDS)	inter	NA	7	169	7	169	.	.	.	exon-exon|long_repeats|lr0.16|m4|polyA|short_repeats|sr0.00	.	.	.	.	.	.	.	.	.	.	.
REJECT	KRT14--AL355881.1	chr17	41582279	chr6	134297827	FusionCatcher	1	TRUE	KRT14	AL355881.1	ENSG00000186847	ENSG00000286887	.	.	.	.	.	.	-	+	UTR	exonic(no-known-CDS)	inter	NA	7	157	7	157	.	.	.	exon-exon|lncrna|long_repeats|lr0.16|m5|polyA|short_repeats|sr0.00	.	.	.	.	.	.	.	.	.	.	.
REJECT	KRT14--AC008132.1	chr17	41582279	chr22	18855790	FusionCatcher	1	TRUE	KRT14	AC008132.1	ENSG00000186847	ENSG00000161103	.	.	.	.	.	.	-	+	UTR	exonic(no-known-CDS)	inter	NA	7	152	7	152	.	.	.	exon-exon|long_repeats|lr0.16|m9|polyA|pseudogene|short_repeats|sr0.00	.	.	.	.	.	.	.	.	.	.	.
REJECT	KRT14--AC008750.7	chr17	41582279	chr19	51403200	FusionCatcher	1	TRUE	KRT14	AC008750.7	ENSG00000186847	ENSG00000268889	.	.	.	.	.	.	-	+	UTR	exonic(no-known-CDS)	inter	NA	7	145	7	145	.	.	.	exon-exon|lncrna|long_repeats|lr0.16|m3|polyA|short_repeats|sr0.00	.	.	.	.	.	.	.	.	.	.	.
REJECT	KRT14--AC091534.1	chr17	41582279	chr12	75258567	FusionCatcher	1	TRUE	KRT14	AC091534.1	ENSG00000186847	ENSG00000254451	.	.	.	.	.	.	-	+	UTR	exonic(no-known-CDS)	inter	NA	7	144	7	144	.	.	.	exon-exon|lncrna|long_repeats|lr0.16|m6|polyA|short_repeats|sr0.00	.	.	.	.	.	.	.	.	.	.	.
REJECT	KRT14--PDIA3	chr17	41582279	chr15	43746438	FusionCatcher	1	TRUE	KRT14	PDIA3	ENSG00000186847	ENSG00000167004	.	.	.	.	.	.	-	+	UTR	UTR	inter	NA	7	143	7	143	.	.	.	exon-exon|long_repeats|lr0.16|m3|polyA|short_repeats|sr0.00	.	.	.	.	.	.	.	.	.	.	.
REJECT	KRT14--USP9Y	chr17	41582279	chrY	12544784	FusionCatcher	1	TRUE	KRT14	USP9Y	ENSG00000186847	ENSG00000114374	.	.	.	.	.	.	-	+	UTR	UTR	inter	NA	7	124	7	124	.	.	.	exon-exon|long_repeats|lr0.16|m4|polyA|short_repeats|sr0.00	.	.	.	.	.	.	.	.	.	.	.
REJECT	KRT14--AC073321.1	chr17	41582279	chr2	216610744	FusionCatcher	1	TRUE	KRT14	AC073321.1	ENSG00000186847	ENSG00000225794	.	.	.	.	.	.	-	+	UTR	exonic(no-known-CDS)	inter	NA	7	120	7	120	.	.	.	exon-exon|lncrna|long_repeats|lr0.16|m7|polyA|short_repeats|sr0.00	.	.	.	.	.	.	.	.	.	.	.
REJECT	KRT14--LINC01320	chr17	41582279	chr2	33727566	FusionCatcher	1	TRUE	KRT14	LINC01320	ENSG00000186847	ENSG00000228262	.	.	.	.	.	.	-	+	UTR	exonic(no-known-CDS)	inter	NA	7	114	7	114	.	.	.	exon-exon|lncrna|long_repeats|lr0.16|m3|polyA|short_repeats|sr0.00	.	.	.	.	.	.	.	.	.	.	.
REJECT	KRT14--AL390038.1	chr17	41582279	chr1	108420689	FusionCatcher	1	TRUE	KRT14	AL390038.1	ENSG00000186847	ENSG00000224698	.	.	.	.	.	.	-	+	UTR	exonic(no-known-CDS)	inter	NA	7	111	7	111	.	.	.	exon-exon|lncrna|long_repeats|lr0.16|m7|polyA|short_repeats|sr0.00	.	.	.	.	.	.	.	.	.	.	.
REJECT	KRT14--AC090377.1	chr17	41582279	chr18	60010281	FusionCatcher	1	TRUE	KRT14	AC090377.1	ENSG00000186847	ENSG00000267462	.	.	.	.	.	.	-	+	UTR	exonic(no-known-CDS)	inter	NA	7	104	7	104	.	.	.	exon-exon|lncrna|long_repeats|lr0.16|m4|polyA|short_repeats|sr0.00	.	.	.	.	.	.	.	.	.	.	.
REJECT	KRT14--AL109923.1	chr17	41582279	chr20	34476205	FusionCatcher	1	TRUE	KRT14	AL109923.1	ENSG00000186847	ENSG00000277558	.	.	.	.	.	.	-	+	UTR	exonic(no-known-CDS)	inter	NA	7	104	7	104	.	.	.	exon-exon|lncrna|long_repeats|lr0.16|m6|polyA|short_repeats|sr0.00	.	.	.	.	.	.	.	.	.	.	.
REJECT	KRT14--AL365184.1	chr17	41582279	chr1	240770766	FusionCatcher	1	TRUE	KRT14	AL365184.1	ENSG00000186847	ENSG00000226919	.	.	.	.	.	.	-	+	UTR	exonic(no-known-CDS)	inter	NA	7	99	7	99	.	.	.	exon-exon|lncrna|long_repeats|lr0.16|m3|polyA|short_repeats|sr0.00	.	.	.	.	.	.	.	.	.	.	.
REJECT	KRT14--PAFAH1B1	chr17	41582279	chr17	2613658	FusionCatcher	1	TRUE	KRT14	PAFAH1B1	ENSG00000186847	ENSG00000007168	.	.	.	.	.	.	-	+	UTR	UTR	intra	38968621	7	92	7	92	.	.	.	exon-exon|long_repeats|lr0.16|m3|polyA|short_repeats|sr0.00	.	.	.	.	.	.	.	.	.	.	.
REJECT	KRT14--LINC00997	chr17	41582279	chr7	32760279	FusionCatcher	1	TRUE	KRT14	LINC00997	ENSG00000186847	ENSG00000281332	.	.	.	.	.	.	-	+	UTR	exonic(no-known-CDS)	inter	NA	7	89	7	89	.	.	.	exon-exon|lncrna|long_repeats|lr0.16|m3|polyA|short_repeats|sr0.00	.	.	.	.	.	.	.	.	.	.	.
REJECT	KRT14--LRR1	chr17	41582279	chr14	49600412	FusionCatcher	1	TRUE	KRT14	LRR1	ENSG00000186847	ENSG00000165501	.	.	.	.	.	.	-	+	UTR	UTR	inter	NA	7	82	7	82	.	.	.	exon-exon|long_repeats|lr0.16|m4|polyA|short_repeats|sr0.00	.	.	.	.	.	.	.	.	.	.	.
REJECT	KRT14--AC011467.3	chr17	41582279	chr19	22603269	FusionCatcher	1	TRUE	KRT14	AC011467.3	ENSG00000186847	ENSG00000268823	.	.	.	.	.	.	-	+	UTR	exonic(no-known-CDS)	inter	NA	7	80	7	80	.	.	.	exon-exon|lncrna|long_repeats|lr0.16|m4|polyA|short_repeats|sr0.00	.	.	.	.	.	.	.	.	.	.	.
REJECT	KRT14--BX255923.1	chr17	41582279	chr9	41073735	FusionCatcher	1	TRUE	KRT14	BX255923.1	ENSG00000186847	ENSG00000225655	.	.	.	.	.	.	-	+	UTR	exonic(no-known-CDS)	inter	NA	7	72	7	72	.	.	.	exon-exon|lncrna|long_repeats|lr0.16|m4|polyA|short_repeats|sr0.00	.	.	.	.	.	.	.	.	.	.	.
REJECT	RPL27--POM121L9P	chr17	43002949	chr22	24260908	FusionCatcher	1	TRUE	RPL27	POM121L9P	ENSG00000131469	ENSG00000128262	.	.	.	.	.	.	+	+	UTR	exonic(no-known-CDS)	inter	NA	7	15	7	15	.	.	.	exon-exon|long_repeats|lr0.32|m4|polyA|pseudogene|ribosomal|short_repeats|sr0.00	.	.	.	.	.	.	.	.	.	.	.
REJECT	MALRD1--ANXA1	chr10	19489173	chr9	73157654	FusionCatcher	1	TRUE	MALRD1	ANXA1	ENSG00000204740	ENSG00000135046	.	.	.	.	.	.	+	+	CDS(truncated)	UTR	inter	NA	6	59	6	59	.	.	.	cancer|exon-exon|long_repeats|lr0.00|m4|polyA|short_repeats|sr0.00	.	.	.	.	.	.	.	.	.	.	.
REJECT	LINC01514--ANXA1	chr10	101181745	chr9	73157654	FusionCatcher	1	TRUE	LINC01514	ANXA1	ENSG00000237579	ENSG00000135046	.	.	.	.	.	.	+	+	exonic(no-known-CDS)	UTR	inter	NA	6	98	6	98	.	.	.	cancer|exon-exon|lncrna|long_repeats|lr0.00|m18|polyA|short_repeats|sr0.00	.	.	.	.	.	.	.	.	.	.	.
REJECT	AC090825.1--ANXA1	chr15	99805841	chr9	73157654	FusionCatcher	1	TRUE	AC090825.1	ANXA1	ENSG00000259363	ENSG00000135046	.	.	.	.	.	.	+	+	exonic(no-known-CDS)	UTR	inter	NA	6	18	6	18	.	.	.	cancer|exon-exon|lncrna|long_repeats|lr0.00|m5|polyA|short_repeats|sr0.00	.	.	.	.	.	.	.	.	.	.	.
REJECT	AC098850.4--ANXA1	chr17	16788135	chr9	73157654	FusionCatcher	1	TRUE	AC098850.4	ANXA1	ENSG00000272815	ENSG00000135046	.	.	.	.	.	.	+	+	exonic(no-known-CDS)	UTR	inter	NA	6	71	6	71	.	.	.	cancer|exon-exon|lncrna|long_repeats|lr0.00|m4|polyA|short_repeats|sr0.00	.	.	.	.	.	.	.	.	.	.	.
REJECT	RGPD1--ANXA1	chr2	86908016	chr9	73157654	FusionCatcher	1	TRUE	RGPD1	ANXA1	ENSG00000187627	ENSG00000135046	.	.	.	.	.	.	+	+	CDS(truncated)	UTR	inter	NA	6	17	6	17	.	.	.	cancer|exon-exon|long_repeats|lr0.00|m3|polyA|short_repeats|sr0.00	.	.	.	.	.	.	.	.	.	.	.
REJECT	AC008132.1--ANXA1	chr22	18855918	chr9	73157654	FusionCatcher	1	TRUE	AC008132.1	ANXA1	ENSG00000161103	ENSG00000135046	.	.	.	.	.	.	+	+	exonic(no-known-CDS)	UTR	inter	NA	6	24	6	24	.	.	.	cancer|exon-exon|long_repeats|lr0.00|m3|polyA|pseudogene|short_repeats|sr0.00	.	.	.	.	.	.	.	.	.	.	.
REJECT	POM121L9P--ANXA1	chr22	24261036	chr9	73157654	FusionCatcher	1	TRUE	POM121L9P	ANXA1	ENSG00000128262	ENSG00000135046	.	.	.	.	.	.	+	+	exonic(no-known-CDS)	UTR	inter	NA	6	187	6	187	.	.	.	cancer|exon-exon|long_repeats|lr0.00|m93|polyA|pseudogene|short_repeats|sr0.00	.	.	.	.	.	.	.	.	.	.	.
REJECT	EIF3D--PKN2-AS1	chr22	36511513	chr1	88620894	Arriba	1	TRUE	EIF3D	PKN2-AS1	ENSG00000100353	ENSG00000237505	ENST00000216190.13	.	ENST00000216190.13	.	e14	.	-	-	CDS	intron	inter	NA	6	0	6	0	out-of-frame	.	.	.	Eukaryotic_translation_initiation_factor_3_subunit_7_(eIF-3)(100%)	Eukaryotic_translation_initiation_factor_3_subunit_7_(eIF-3)(100%)	.	.	.	.	.	.	.	.	.
REJECT	WBP2NL--ANXA1	chr22	42001337	chr9	73157654	FusionCatcher	1	TRUE	WBP2NL	ANXA1	ENSG00000183066	ENSG00000135046	.	.	.	.	.	.	+	+	UTR	UTR	inter	NA	6	70	6	70	.	.	.	cancer|exon-exon|long_repeats|lr0.00|m12|polyA|short_repeats|sr0.00	.	.	.	.	.	.	.	.	.	.	.
REJECT	H1FX-AS1--ANXA1	chr3	129323604	chr9	73157654	FusionCatcher	1	TRUE	H1FX-AS1	ANXA1	ENSG00000206417	ENSG00000135046	.	.	.	.	.	.	+	+	exonic(no-known-CDS)	UTR	inter	NA	6	41	6	41	.	.	.	cancer|exon-exon|lncrna|long_repeats|lr0.00|m3|polyA|short_repeats|sr0.00	.	.	.	.	.	.	.	.	.	.	.
REJECT	UBA6-AS1--ANXA1	chr4	68063221	chr9	73157654	FusionCatcher	1	TRUE	UBA6-AS1	ANXA1	ENSG00000248049	ENSG00000135046	.	.	.	.	.	.	+	+	exonic(no-known-CDS)	UTR	inter	NA	6	125	6	125	.	.	.	cancer|exon-exon|lncrna|long_repeats|lr0.00|m14|polyA|short_repeats|sr0.00	.	.	.	.	.	.	.	.	.	.	.
REJECT	DTX2P1-UPK3BP1-PMS2P11--ANXA1	chr7	76981260	chr9	73157654	FusionCatcher	1	TRUE	DTX2P1-UPK3BP1-PMS2P11	ANXA1	ENSG00000265479	ENSG00000135046	.	.	.	.	.	.	+	+	exonic(no-known-CDS)	UTR	inter	NA	6	169	6	169	.	.	.	cancer|exon-exon|lncrna|long_repeats|lr0.00|m42|polyA|short_repeats|sr0.00	.	.	.	.	.	.	.	.	.	.	.
REJECT	AL162411.1--ANXA1	chr9	6669728	chr9	73157654	FusionCatcher	1	TRUE	AL162411.1	ANXA1	ENSG00000236924	ENSG00000135046	.	.	.	.	.	.	+	+	exonic(no-known-CDS)	UTR	intra	66487926	6	29	6	29	.	.	.	cancer|exon-exon|lncrna|long_repeats|lr0.00|m3|polyA|short_repeats|sr0.00	.	.	.	.	.	.	.	.	.	.	.
REJECT	BX255923.1--ANXA1	chr9	41073853	chr9	73157654	FusionCatcher	1	TRUE	BX255923.1	ANXA1	ENSG00000225655	ENSG00000135046	.	.	.	.	.	.	+	+	exonic(no-known-CDS)	UTR	intra	32083801	6	12	6	12	.	.	.	cancer|exon-exon|lncrna|long_repeats|lr0.00|m3|polyA|short_repeats|sr0.00	.	.	.	.	.	.	.	.	.	.	.
REJECT	RPL11--POM121L9P	chr1	23696417	chr22	24260908	FusionCatcher	1	TRUE	RPL11	POM121L9P	ENSG00000142676	ENSG00000128262	.	.	.	.	.	.	+	+	UTR	exonic(no-known-CDS)	inter	NA	5	34	5	34	.	.	.	exon-exon|long_repeats|lr0.16|m14|polyA|pseudogene|ribosomal|short_repeats|sr0.00	.	.	.	.	.	.	.	.	.	.	.
REJECT	RPS17--UBA6-AS1	chr15	82536755	chr4	68063062	FusionCatcher	1	TRUE	RPS17	UBA6-AS1	ENSG00000182774	ENSG00000248049	.	.	.	.	.	.	-	+	UTR	exonic(no-known-CDS)	inter	NA	5	36	5	36	.	.	.	exon-exon|lncrna|long_repeats|lr0.32|m3|polyA|ribosomal|short_repeats|sr0.00	.	.	.	.	.	.	.	.	.	.	.
REJECT	RPS17--POM121L9P	chr15	82536755	chr22	24260908	FusionCatcher	1	TRUE	RPS17	POM121L9P	ENSG00000182774	ENSG00000128262	.	.	.	.	.	.	-	+	UTR	exonic(no-known-CDS)	inter	NA	5	25	5	25	.	.	.	exon-exon|long_repeats|lr0.32|m11|polyA|pseudogene|ribosomal|short_repeats|sr0.00	.	.	.	.	.	.	.	.	.	.	.
REJECT	RPS17--LINC01514	chr15	82536755	chr10	101181690	FusionCatcher	1	TRUE	RPS17	LINC01514	ENSG00000182774	ENSG00000237579	.	.	.	.	.	.	-	+	UTR	exonic(no-known-CDS)	inter	NA	5	20	5	20	.	.	.	exon-exon|lncrna|long_repeats|lr0.32|m3|polyA|ribosomal|short_repeats|sr0.00	.	.	.	.	.	.	.	.	.	.	.
REJECT	RPS17--UBA6-AS1	chr15	82536756	chr4	68063062	FusionCatcher	1	TRUE	RPS17	UBA6-AS1	ENSG00000182774	ENSG00000248049	.	.	.	.	.	.	-	+	CDS(no-known-start-or-end)	exonic(no-known-CDS)	inter	NA	5	36	5	36	.	.	.	exon-exon|lncrna|long_repeats|lr0.48|m3|polyA|ribosomal|short_repeats|sr0.00	.	.	.	.	.	.	.	.	.	.	.
REJECT	RPS17--POM121L9P	chr15	82536756	chr22	24260908	FusionCatcher	1	TRUE	RPS17	POM121L9P	ENSG00000182774	ENSG00000128262	.	.	.	.	.	.	-	+	CDS(no-known-start-or-end)	exonic(no-known-CDS)	inter	NA	5	25	5	25	.	.	.	exon-exon|long_repeats|lr0.48|m11|polyA|pseudogene|ribosomal|short_repeats|sr0.00	.	.	.	.	.	.	.	.	.	.	.
REJECT	RPS17--LINC01514	chr15	82536756	chr10	101181690	FusionCatcher	1	TRUE	RPS17	LINC01514	ENSG00000182774	ENSG00000237579	.	.	.	.	.	.	-	+	CDS(no-known-start-or-end)	exonic(no-known-CDS)	inter	NA	5	20	5	20	.	.	.	exon-exon|lncrna|long_repeats|lr0.48|m3|polyA|ribosomal|short_repeats|sr0.00	.	.	.	.	.	.	.	.	.	.	.
REJECT	KRT14--ANO6	chr17	41582279	chr12	45216020	FusionCatcher	1	TRUE	KRT14	ANO6	ENSG00000186847	ENSG00000177119	.	.	.	.	.	.	-	+	UTR	UTR	inter	NA	5	311	5	311	.	.	.	exon-exon|m11|polyA|short_repeats|sr1.21	.	.	.	.	.	.	.	.	.	.	.
REJECT	KRT14--MUC20-OT1	chr17	41582279	chr3	195658093	FusionCatcher	1	TRUE	KRT14	MUC20-OT1	ENSG00000186847	ENSG00000242086	.	.	.	.	.	.	-	+	UTR	exonic(no-known-CDS)	inter	NA	5	226	5	226	.	.	.	exon-exon|lncrna|long_repeats|lr0.80|m7|polyA|short_repeats|sr0.00	.	.	.	.	.	.	.	.	.	.	.
REJECT	KRT14--MUC20-OT1	chr17	41582279	chr3	195664086	FusionCatcher	1	TRUE	KRT14	MUC20-OT1	ENSG00000186847	ENSG00000242086	.	.	.	.	.	.	-	+	UTR	exonic(no-known-CDS)	inter	NA	5	226	5	226	.	.	.	exon-exon|lncrna|m7|polyA|short_repeats|sr0.00	.	.	.	.	.	.	.	.	.	.	.
REJECT	HSD17B10--ZBTB11	chrX	53431269	chr3	101651679	Arriba	1	TRUE	HSD17B10	ZBTB11	ENSG00000072506	ENSG00000066422	ENST00000168216.10	.	ENST00000168216.10	.	e6	.	-	-	3'UTR	CDS	inter	NA	5	0	5	0	.	.	.	.	short_chain_dehydrogenase(100%)	short_chain_dehydrogenase(100%)	.	.	.	.	.	.	.	.	.
REJECT	RPL11--POM121L9P	chr1	23696418	chr22	24260908	FusionCatcher	1	TRUE	RPL11	POM121L9P	ENSG00000142676	ENSG00000128262	.	.	.	.	.	.	+	+	UTR	exonic(no-known-CDS)	inter	NA	4	34	4	34	.	.	.	exon-exon|long_repeats|lr0.00|m14|polyA|pseudogene|ribosomal|short_repeats|sr0.00	.	.	.	.	.	.	.	.	.	.	.
REJECT	RPLP2--POM121L9P	chr11	812875	chr22	24260908	FusionCatcher	1	TRUE	RPLP2	POM121L9P	ENSG00000177600	ENSG00000128262	.	.	.	.	.	.	+	+	UTR	exonic(no-known-CDS)	inter	NA	4	19	4	19	.	.	.	exon-exon|long_repeats|lr0.48|m7|polyA|pseudogene|ribosomal|short_repeats|sr0.00	.	.	.	.	.	.	.	.	.	.	.
REJECT	RPLP2--C11ORF80	chr11	812875	chr11	66762079	FusionCatcher	1	TRUE	RPLP2	C11ORF80	ENSG00000177600	ENSG00000173715	.	.	.	.	.	.	+	+	UTR	UTR	intra	65949204	4	13	4	13	.	.	.	exon-exon|long_repeats|lr0.48|m4|polyA|ribosomal|short_repeats|sr0.00	.	.	.	.	.	.	.	.	.	.	.
REJECT	RPLP2--POM121L9P	chr11	812876	chr22	24260908	FusionCatcher	1	TRUE	RPLP2	POM121L9P	ENSG00000177600	ENSG00000128262	.	.	.	.	.	.	+	+	UTR	exonic(no-known-CDS)	inter	NA	4	19	4	19	.	.	.	exon-exon|long_repeats|lr0.48|m7|polyA|pseudogene|ribosomal|short_repeats|sr0.00	.	.	.	.	.	.	.	.	.	.	.
REJECT	RPLP2--C11ORF80	chr11	812876	chr11	66762079	FusionCatcher	1	TRUE	RPLP2	C11ORF80	ENSG00000177600	ENSG00000173715	.	.	.	.	.	.	+	+	UTR	UTR	intra	65949203	4	13	4	13	.	.	.	exon-exon|long_repeats|lr0.48|m4|polyA|ribosomal|short_repeats|sr0.00	.	.	.	.	.	.	.	.	.	.	.
REJECT	UBC--DTX2P1-UPK3BP1-PMS2P11	chr12	124911646	chr7	76981102	FusionCatcher	1	TRUE	UBC	DTX2P1-UPK3BP1-PMS2P11	ENSG00000150991	ENSG00000265479	.	.	.	.	.	.	-	+	UTR	exonic(no-known-CDS)	inter	NA	4	82	4	82	.	.	.	exon-exon|lncrna|long_repeats|lr0.16|m17|polyA|short_repeats|sr0.00	.	.	.	.	.	.	.	.	.	.	.
REJECT	UBC--UBA6-AS1	chr12	124911646	chr4	68063062	FusionCatcher	1	TRUE	UBC	UBA6-AS1	ENSG00000150991	ENSG00000248049	.	.	.	.	.	.	-	+	UTR	exonic(no-known-CDS)	inter	NA	4	78	4	78	.	.	.	exon-exon|lncrna|long_repeats|lr0.16|m7|polyA|short_repeats|sr0.00	.	.	.	.	.	.	.	.	.	.	.
REJECT	UBC--LINC01514	chr12	124911646	chr10	101181690	FusionCatcher	1	TRUE	UBC	LINC01514	ENSG00000150991	ENSG00000237579	.	.	.	.	.	.	-	+	UTR	exonic(no-known-CDS)	inter	NA	4	53	4	53	.	.	.	exon-exon|lncrna|long_repeats|lr0.16|m11|polyA|short_repeats|sr0.00	.	.	.	.	.	.	.	.	.	.	.
REJECT	UBC--POM121L9P	chr12	124911646	chr22	24260908	FusionCatcher	1	TRUE	UBC	POM121L9P	ENSG00000150991	ENSG00000128262	.	.	.	.	.	.	-	+	UTR	exonic(no-known-CDS)	inter	NA	4	49	4	49	.	.	.	exon-exon|long_repeats|lr0.16|m19|polyA|pseudogene|short_repeats|sr0.00	.	.	.	.	.	.	.	.	.	.	.
REJECT	UBC--TPRXL	chr12	124911646	chr3	13937401	FusionCatcher	1	TRUE	UBC	TPRXL	ENSG00000150991	ENSG00000180438	.	.	.	.	.	.	-	+	UTR	exonic(no-known-CDS)	inter	NA	4	49	4	49	.	.	.	exon-exon|long_repeats|lr0.16|m5|polyA|pseudogene|short_repeats|sr0.00	.	.	.	.	.	.	.	.	.	.	.
REJECT	UBC--WBP2NL	chr12	124911646	chr22	42001100	FusionCatcher	1	TRUE	UBC	WBP2NL	ENSG00000150991	ENSG00000183066	.	.	.	.	.	.	-	+	UTR	UTR	inter	NA	4	36	4	36	.	.	.	exon-exon|long_repeats|lr0.16|m3|polyA|short_repeats|sr0.00	.	.	.	.	.	.	.	.	.	.	.
REJECT	UBC--C11ORF80	chr12	124911646	chr11	66762079	FusionCatcher	1	TRUE	UBC	C11ORF80	ENSG00000150991	ENSG00000173715	.	.	.	.	.	.	-	+	UTR	UTR	inter	NA	4	33	4	33	.	.	.	exon-exon|long_repeats|lr0.16|m5|polyA|short_repeats|sr0.00	.	.	.	.	.	.	.	.	.	.	.
REJECT	UBC--H1FX-AS1	chr12	124911646	chr3	129323350	FusionCatcher	1	TRUE	UBC	H1FX-AS1	ENSG00000150991	ENSG00000206417	.	.	.	.	.	.	-	+	UTR	exonic(no-known-CDS)	inter	NA	4	24	4	24	.	.	.	exon-exon|lncrna|long_repeats|lr0.16|m4|polyA|short_repeats|sr0.00	.	.	.	.	.	.	.	.	.	.	.
REJECT	UBC--BX255923.1	chr12	124911646	chr9	41073735	FusionCatcher	1	TRUE	UBC	BX255923.1	ENSG00000150991	ENSG00000225655	.	.	.	.	.	.	-	+	UTR	exonic(no-known-CDS)	inter	NA	4	14	4	14	.	.	.	exon-exon|lncrna|long_repeats|lr0.16|m3|polyA|short_repeats|sr0.00	.	.	.	.	.	.	.	.	.	.	.
REJECT	RPL27--POM121L9P	chr17	43002946	chr22	24260908	FusionCatcher	1	TRUE	RPL27	POM121L9P	ENSG00000131469	ENSG00000128262	.	.	.	.	.	.	+	+	UTR	exonic(no-known-CDS)	inter	NA	4	15	4	15	.	.	.	exon-exon|long_repeats|lr0.48|m4|polyA|pseudogene|ribosomal|short_repeats|sr0.00	.	.	.	.	.	.	.	.	.	.	.
REJECT	RPS29--POM121L9P	chr14	49583579	chr22	24260908	FusionCatcher	1	TRUE	RPS29	POM121L9P	ENSG00000213741	ENSG00000128262	.	.	.	.	.	.	-	+	UTR	exonic(no-known-CDS)	inter	NA	3	8	3	8	.	.	.	exon-exon|long_repeats|lr0.00|m7|polyA|pseudogene|ribosomal|short_repeats|sr0.00	.	.	.	.	.	.	.	.	.	.	.
REJECT	ARPC2--POM121L9P	chr2	218254108	chr22	24260908	FusionCatcher	1	TRUE	ARPC2	POM121L9P	ENSG00000163466	ENSG00000128262	.	.	.	.	.	.	+	+	UTR	exonic(no-known-CDS)	inter	NA	3	6	3	6	.	.	.	exon-exon|long_repeats|lr0.48|m4|polyA|pseudogene|short_repeats|sr0.00	.	.	.	.	.	.	.	.	.	.	.
REJECT	IGL-@-ext--LINC02288	chr22	22899623	chr14	77059596	StarFusion	1	TRUE	IGL-@-ext	LINC02288	IGL-.g@-ext	ENSG00000246548	.	.	.	.	.	.	-	+	.	.	inter	NA	3	0	3	0	.	.	.	.	.	.	.	.	.	.	.	.	.	.	.
REJECT	MAST4--POM121L9P	chr5	67167283	chr22	24260908	FusionCatcher	1	TRUE	MAST4	POM121L9P	ENSG00000069020	ENSG00000128262	.	.	.	.	.	.	+	+	UTR	exonic(no-known-CDS)	inter	NA	3	13	3	13	.	.	.	exon-exon|long_repeats|lr0.00|m5|polyA|pseudogene|short_repeats|sr0.00	.	.	.	.	.	.	.	.	.	.	.
REJECT	MAST4--C11ORF80	chr5	67167283	chr11	66762079	FusionCatcher	1	TRUE	MAST4	C11ORF80	ENSG00000069020	ENSG00000173715	.	.	.	.	.	.	+	+	UTR	UTR	inter	NA	3	5	3	5	.	.	.	exon-exon|long_repeats|lr0.00|m3|polyA|short_repeats|sr0.00	.	.	.	.	.	.	.	.	.	.	.
REJECT	FABP5--DTX2P1-UPK3BP1-PMS2P11	chr8	81284777	chr7	76981102	FusionCatcher	1	TRUE	FABP5	DTX2P1-UPK3BP1-PMS2P11	ENSG00000164687	ENSG00000265479	.	.	.	.	.	.	+	+	UTR	exonic(no-known-CDS)	inter	NA	3	75	3	75	.	.	.	exon-exon|lncrna|long_repeats|lr0.32|m7|polyA|short_repeats|sr0.00	.	.	.	.	.	.	.	.	.	.	.
REJECT	FABP5--POM121L9P	chr8	81284777	chr22	24260908	FusionCatcher	1	TRUE	FABP5	POM121L9P	ENSG00000164687	ENSG00000128262	.	.	.	.	.	.	+	+	UTR	exonic(no-known-CDS)	inter	NA	3	64	3	64	.	.	.	exon-exon|long_repeats|lr0.32|m17|polyA|pseudogene|short_repeats|sr0.00	.	.	.	.	.	.	.	.	.	.	.
REJECT	SFPQ--HMGB1	chr1	35188074	chr13	30461462	StarFusion	1	TRUE	SFPQ	HMGB1	ENSG00000116560	ENSG00000189403	ENST00000357214.6	ENST00000339872.8	ENST00000357214.6	ENST00000339872.8	e7	e5	-	-	.	.	inter	NA	2	0	2	0	out-of-frame	.	.	.	RRM_7|297-322|1e-06^RRM_1|299-363|1.3e-16^RRM_1|374-433|1.6e-18^RRM_7|382-397|0.76^NOPS|444-495|1.3e-31^RRM_7|478-502|2.3	.	.	.	pinklist	.	.	Yes	.	TSG,F	.
REJECT	NACA--POM121L9P	chr12	56712435	chr22	24260908	FusionCatcher	1	TRUE	NACA	POM121L9P	ENSG00000196531	ENSG00000128262	.	.	.	.	.	.	-	+	UTR	exonic(no-known-CDS)	inter	NA	2	14	2	14	.	.	.	cancer|exon-exon|long_repeats|lr0.32|m4|polyA|pseudogene|short_repeats|sr0.00	.	.	.	.	pinklist	.	.	Yes	.	F	.
REJECT	IGH-@-ext--CNNM2	chr14	105743070	chr10	102918686	StarFusion	1	TRUE	IGH-@-ext	CNNM2	IGH-.g@-ext	ENSG00000148842	.	.	.	.	.	.	+	+	.	.	inter	NA	2	0	2	0	.	.	.	.	.	.	.	.	.	.	.	.	.	.	.
REJECT	IGH-@-ext--AC026120.1	chr14	105743073	chr12	56985736	StarFusion	1	TRUE	IGH-@-ext	AC026120.1	IGH-.g@-ext	ENSG00000278399	.	.	.	.	.	.	+	-	.	.	inter	NA	2	0	2	0	.	.	.	.	.	.	.	.	.	.	.	.	.	.	.
REJECT	IGL-@-ext--MAPK9	chr22	22900976	chr5	180279836	StarFusion	1	TRUE	IGL-@-ext	MAPK9	IGL-.g@-ext	ENSG00000050748	.	.	.	.	.	.	-	-	.	.	inter	NA	2	0	2	0	.	.	.	.	.	.	.	.	.	.	.	.	.	.	.
REJECT	IGL-@-ext--MAPK9	chr22	22906342	chr5	180279836	StarFusion	1	TRUE	IGL-@-ext	MAPK9	IGL-.g@-ext	ENSG00000050748	.	.	.	.	.	.	-	-	.	.	inter	NA	2	0	2	0	.	.	.	.	.	.	.	.	.	.	.	.	.	.	.
REJECT	GNAI2--POM121L9P	chr3	50258898	chr22	24260908	FusionCatcher	1	TRUE	GNAI2	POM121L9P	ENSG00000114353	ENSG00000128262	.	.	.	.	.	.	+	+	UTR	exonic(no-known-CDS)	inter	NA	2	5	2	5	.	.	.	cancer|exon-exon|long_repeats|lr0.48|m3|oncogene|polyA|pseudogene|short_repeats|sr0.00	.	.	.	.	.	.	.	.	.	.	.
REJECT	CPLANE1--CSTB	chr5	37106810	chr21	43774330	StarFusion	1	TRUE	CPLANE1	CSTB	ENSG00000197603	ENSG00000160213	.	.	.	.	.	.	-	-	.	.	inter	NA	2	0	2	0	.	.	.	.	.	.	.	.	.	.	.	.	.	.	.
REJECT	AKAP17A--RAB11FIP1	chrX	1593809	chr8	37875148	StarFusion	1	TRUE	AKAP17A	RAB11FIP1	ENSG00000197976	ENSG00000156675	ENST00000474361.6	ENST00000330843.9	ENST00000474361.6	ENST00000330843.9	.	e3	+	-	.	.	inter	NA	2	0	2	0	out-of-frame	.	.	.	RRM_1|83-102|0.44^RRM_1|170-191|0.00017^RRM_1|213-240|0.0048^RR_TM4-6-PARTIAL|234-347~|4.7e-05^NEMP|236-318|0.00069^ALMT-PARTIAL|252-347~|0.0027^GAGA_bind-PARTIAL|266-347~|0.00063^NEMP-PARTIAL|324-347~|0.57	RBD-FIP|1226-1273|2.5e-20	.	.	.	.	.	.	.	.	.
REJECT	ANP32E--HP1BP3	chr1	150226640	chr1	20745612	StarFusion	1	TRUE	ANP32E	HP1BP3	ENSG00000143401	ENSG00000127483	ENST00000583931.6	ENST00000438032.6	ENST00000583931.6	ENST00000438032.6	e5	.	-	-	.	.	intra	129481028	1	0	1	0	in-frame	.	.	.	LRR_4|19-57|0.0021^LRR_8|21-74|0.0054^LRR_1|23-42|3^LRR_9|34-146|4.7e-19^LRR_6|64-76|0.0092^LRR_4|65-105|1.3e-11^LRR_8|65-125|7.4e-11^LRR_1|65-78|0.0072^LRR_6|86-102|1.8e-06^LRR_4|88-130|6e-12^LRR_1|89-102|0.0016^RXT2_N|97-177|6.4e-06^LRR_6|113-127|0.0021^LRR_1|114-128|0.0029^BUD22|122-262|1.2e-06^LRR_8|127-146|1.7^Sin_N|133-230|0.0061^RNA_pol_Rpc4|154-202|0.00011^RXT2_N|186-204|3.3^RXT2_N|227-253|9^RNA_pol_Rpc4|230-262|0.68	.	.	.	.	.	.	.	.	.	.
REJECT	IL6R--GATD3A	chr1	154449980	chr21	44136969	StarFusion	1	TRUE	IL6R	GATD3A	ENSG00000160712	ENSG00000160221	.	.	.	.	.	.	+	+	.	.	inter	NA	1	0	1	0	.	.	.	.	.	.	.	.	.	.	.	.	.	.	.
REJECT	HNRNPA1P59--PDE6A	chr1	202912420	chr5	149867234	StarFusion	1	TRUE	HNRNPA1P59	PDE6A	ENSG00000230280	ENSG00000132915	.	.	.	.	.	.	+	-	.	.	inter	NA	1	0	1	0	.	.	.	.	.	.	.	.	.	.	.	.	.	.	.
REJECT	ANXA8L1--AL445623.2	chr10	46384833	chr9	23659611	StarFusion	1	TRUE	ANXA8L1	AL445623.2	ENSG00000264230	ENSG00000283982	.	.	.	.	.	.	+	-	.	.	inter	NA	1	0	1	0	.	.	.	.	.	.	.	.	.	.	.	.	.	.	.
REJECT	ANK3--SHISAL2B	chr10	60059340	chr5	64690507	StarFusion	1	TRUE	ANK3	SHISAL2B	ENSG00000151150	ENSG00000145642	.	.	.	.	.	.	-	+	.	.	inter	NA	1	0	1	0	.	.	.	.	.	.	.	.	.	.	.	.	.	.	.
REJECT	LINC00595--HDLBP	chr10	78524495	chr2	241247142	StarFusion	1	TRUE	LINC00595	HDLBP	ENSG00000230417	ENSG00000115677	.	.	.	.	.	.	+	-	.	.	inter	NA	1	0	1	0	.	.	.	.	.	.	.	.	.	.	.	.	.	.	.
REJECT	BAG3--NEDD8	chr10	119676921	chr14	24218181	StarFusion	1	TRUE	BAG3	NEDD8	ENSG00000151929	ENSG00000129559	ENST00000369085.7	ENST00000250495.10	ENST00000369085.7	ENST00000250495.10	e4	e3	+	-	.	.	inter	NA	1	0	1	0	out-of-frame	.	.	.	WW|22-52|2.3e-13^BAG|426-496|4.2e-22	.	.	.	.	.	.	.	.	.	.
REJECT	OR51L1--RBM28	chr11	5001357	chr7	128339321	StarFusion	1	TRUE	OR51L1	RBM28	ENSG00000176798	ENSG00000106344	.	.	.	.	.	.	+	-	.	.	inter	NA	1	0	1	0	.	.	.	.	.	.	.	.	.	.	.	.	.	.	.
REJECT	AC087442.1--RAB28	chr11	45652555	chr4	13479526	StarFusion	1	TRUE	AC087442.1	RAB28	ENSG00000255091	ENSG00000157869	.	.	.	.	.	.	+	-	.	.	inter	NA	1	0	1	0	.	.	.	.	.	.	.	.	.	.	.	.	.	.	.
REJECT	KMT2A--RXFP1	chr11	118489881	chr4	158610633	StarFusion	1	TRUE	KMT2A	RXFP1	ENSG00000118058	ENSG00000171509	ENST00000534358.7	ENST00000471616.5	ENST00000389506.10	ENST00000471616.5	e12	.	+	+	.	.	inter	NA	1	0	1	0	out-of-frame	.	.	.	SET|455-517|3^SET|854-908|0.41^DUF3915|866-894|0.0036^zf-CXXC|1148-1194|2.5e-16^SET|1207-1242|3.1^PHD|1434-1482|5.1e-07^PHD_4|1442-1479|0.044^PHD_2|1445-1480|0.00061^zf-HC5HC2H|1478-1530|8^PHD_4|1478-1531|9.4e-06^PHD|1481-1533|9.5e-12^PHD_2|1494-1530|1.2e-05^zf-CXXC|1528-1536|1.9^PHD|1532-1561|1.8^PHD|1569-1629|2.7e-10^zf-HC5HC2H_2|1569-1614|5.3^PHD_4|1569-1627|0.028^PHD_2|1583-1599|0.012^Bromodomain|1697-1742|8.6e-06^zf-HC5HC2H_2|1889-1969|7.9e-12^PHD|1899-1907|7.2^zf-HC5HC2H|1903-1981|1.5e-13^PHD|1935-1965|0.55^FYRN|2027-2074|4e-19^FYRC|3672-3751|7.4e-25^SET|3843-3947|1.1e-24	.	.	.	pinklist	.	.	Yes	.	OG,F	.
REJECT	BICD1--CPSF6	chr12	32216459	chr12	69251129	StarFusion	1	TRUE	BICD1	CPSF6	ENSG00000151746	ENSG00000111605	ENST00000652176.1	ENST00000266679.8	ENST00000652176.1	ENST00000435070.7	e2	e2	+	+	.	.	intra	37034670	1	1	1	1	in-frame	.	.	.	ADIP|4-74|0.0075^HALZ|14-24|2.5^Bap31_Bap29_C|15-71|7.7e-09^DUF1759|29-88|0.26^BicD|35-69|0.19^HALZ|47-70|7.3e-07^BicD-PARTIAL|74-426~|0^ADIP|88-155|0.096^DUF1759|105-146|0.91^Bap31_Bap29_C|108-124|0.9^HALZ|125-142|0.0013^HALZ|168-191|0.0061^ADIP|176-254|0.015^Bap31_Bap29_C|183-201|0.48^HALZ|195-217|0.31^DUF1759|213-255|0.12^HALZ|242-253|3.5^DUF1759|319-386|0.028^ADIP|323-387|4.9e-07^Bap31_Bap29_C|325-339|0.11^HALZ|325-333|0.62	RRM_1|83-152|1.2e-10^PRP38_assoc|526-583|1.7e-05	.	.	.	.	.	.	.	.	.
REJECT	KRT6A--IGH@-ext	chr12	52369988	chr14	105651864	StarFusion	1	TRUE	KRT6A	IGH@-ext	ENSG00000205420	IGH.g@-ext	.	.	.	.	.	.	-	-	.	.	inter	NA	1	9	1	9	.	.	.	.	.	.	reciprocal	.	.	.	.	.	.	.	.
REJECT	KRT6A--IGH@-ext	chr12	52469330	chr14	105741579	StarFusion	1	TRUE	KRT6A	IGH@-ext	ENSG00000205420	IGH.g@-ext	.	.	.	.	.	.	-	-	.	.	inter	NA	1	8	1	8	.	.	.	.	.	.	reciprocal	.	.	.	.	.	.	.	.
REJECT	ATP5MC2--THAP9-AS1	chr12	53669148	chr4	82900118	StarFusion	1	TRUE	ATP5MC2	THAP9-AS1	ENSG00000135390	ENSG00000251022	.	.	.	.	.	.	-	-	.	.	inter	NA	1	0	1	0	.	.	.	.	.	.	.	.	.	.	.	.	.	.	.
REJECT	ATP5MC2--SEC31A	chr12	53669148	chr4	82900118	StarFusion	1	TRUE	ATP5MC2	SEC31A	ENSG00000135390	ENSG00000138674	.	.	.	.	.	.	-	-	.	.	inter	NA	1	0	1	0	.	.	.	.	.	.	.	.	.	.	.	.	.	.	.
REJECT	PHLDA1--BICDL2	chr12	76029232	chr16	3028776	StarFusion	1	TRUE	PHLDA1	BICDL2	ENSG00000139289	ENSG00000162069	.	.	.	.	.	.	-	-	.	.	inter	NA	1	0	1	0	.	.	.	.	.	.	.	.	.	.	.	.	.	.	.
REJECT	AC148477.2--SLC25A3	chr12	132278434	chr12	98595727	StarFusion	1	TRUE	AC148477.2	SLC25A3	ENSG00000256542	ENSG00000075415	.	.	.	.	.	.	+	+	.	.	intra	33682707	1	0	1	0	.	.	.	.	.	.	.	.	.	.	.	.	.	.	.
REJECT	SLC7A1--SAXO1	chr13	29517573	chr9	18862419	StarFusion	1	TRUE	SLC7A1	SAXO1	ENSG00000139514	ENSG00000155875	.	.	.	.	.	.	-	-	.	.	inter	NA	1	0	1	0	.	.	.	.	.	.	.	.	.	.	.	.	.	.	.
REJECT	PNN--LATS2	chr14	39177687	chr13	20989256	StarFusion	1	TRUE	PNN	LATS2	ENSG00000100941	ENSG00000150457	ENST00000216832.9	ENST00000382592.5	ENST00000216832.9	ENST00000382592.5	e5	e4	+	-	.	.	inter	NA	1	0	1	0	out-of-frame	.	.	.	Pinin_SDK_N|1-132|1.6e-61^Pinin_SDK_memA|10-19|0.95^Pinin_SDK_memA|95-100|1.7^Pinin_SDK_memA|136-260|1.9e-38^Pinin_SDK_N|168-190|0.38^Pinin_SDK_memA|282-335|2^Pinin_SDK_N|293-359|2^Pinin_SDK_memA|346-383|2	Haspin_kinase|664-813|1.2e-06^Pkinase|669-818|1.1e-42^Pkinase_Tyr|671-829|2.4e-23^APH|706-755|0.37^Kdo|758-813|1.9e-05^Kinase-like|765-811|3.4e-05^Pox_ser-thr_kin|772-799|2.2e-05^APH|782-813|4e-05^Pkinase|864-973|8.5e-23^Pkinase_Tyr|870-948|3.4e-09^Kinase-like|890-918|0.55^Pkinase_C|993-1042|1.6e-07	.	.	pinklist	.	.	.	Yes	.	TSG
REJECT	DIO2--PML	chr14	80200433	chr15	73967024	StarFusion	1	TRUE	DIO2	PML	ENSG00000211448	ENSG00000140464	.	.	.	.	.	.	-	+	.	.	inter	NA	1	0	1	0	.	.	.	.	.	.	.	.	pinklist	.	.	.	Yes	.	TSG,F
REJECT	SNORD3C--LINC02682	chr17	19190156	chr11	15910732	StarFusion	1	TRUE	SNORD3C	LINC02682	ENSG00000264940	ENSG00000254661	.	.	.	.	.	.	-	+	.	.	inter	NA	1	0	1	0	.	.	.	.	.	.	.	.	.	.	.	.	.	.	.
REJECT	ARHGDIA--ZNF536	chr17	81869330	chr19	30548317	StarFusion	1	TRUE	ARHGDIA	ZNF536	ENSG00000141522	ENSG00000198597	ENST00000579121.5	ENST00000355537.4	ENST00000579121.5	ENST00000355537.4	.	e4	-	+	.	.	inter	NA	1	0	1	0	in-frame	.	.	.	Rho_GDI|13-170|1.2e-65^DUF4249|70-158|1.2e-05	.	.	.	.	.	.	.	.	.	.
REJECT	LAMA1--RNA5SP336	chr18	7009261	chr11	21000924	StarFusion	1	TRUE	LAMA1	RNA5SP336	ENSG00000101680	ENSG00000201059	.	.	.	.	.	.	-	-	.	.	inter	NA	1	0	1	0	.	.	.	.	.	.	.	.	.	.	.	.	.	.	.
REJECT	LAMA1--RNA5S6	chr18	7009261	chr1	228621490	StarFusion	1	TRUE	LAMA1	RNA5S6	ENSG00000101680	ENSG00000200624	.	.	.	.	.	.	-	-	.	.	inter	NA	1	0	1	0	.	.	.	.	.	.	.	.	.	.	.	.	.	.	.
REJECT	KDSR--CKMT1A	chr18	63329622	chr15	43694863	StarFusion	1	TRUE	KDSR	CKMT1A	ENSG00000119537	ENSG00000223572	.	.	.	.	.	.	-	+	.	.	inter	NA	1	0	1	0	.	.	.	.	.	.	.	.	pinklist	.	.	Yes	.	F	.
REJECT	TCF3--PDLIM7	chr19	1622067	chr5	177490906	StarFusion	1	TRUE	TCF3	PDLIM7	ENSG00000071564	ENSG00000196923	ENST00000453954.6	ENST00000355841.7	ENST00000262965.11	ENST00000355841.7	e10	e7	-	-	.	.	inter	NA	1	0	1	0	out-of-frame	.	.	.	HLH|575-627|2.2e-13	.	.	.	pinklist	.	.	Yes	.	OG,TSG,F	.
REJECT	MAP2K2--DIP2B	chr19	4110599	chr12	50714395	StarFusion	1	TRUE	MAP2K2	DIP2B	ENSG00000126934	ENSG00000066084	ENST00000262948.9	ENST00000301180.10	ENST00000262948.9	ENST00000301180.10	e3	e23	-	+	.	.	inter	NA	1	0	1	0	in-frame	.	.	.	Kdo|28-58|0.1^Pkinase-PARTIAL|72-360~|2.5e-64^Pkinase_Tyr|75-272|1.9e-36^Kdo|145-213|0.00016^Kinase-like|164-262|2.9e-06^Haspin_kinase|172-216|2.8e-06^Pkinase_fungal|174-252|3.4e-08^Seadorna_VP7|178-213|2.5e-05^APH|182-208|1.6e-05^Pkinase_Tyr-PARTIAL|314-360~|0.035	.	.	.	pinklist	.	.	Yes	.	OG	.
REJECT	AC022149.1--PTK2	chr19	14621823	chr8	140744693	StarFusion	1	TRUE	AC022149.1	PTK2	ENSG00000269378	ENSG00000169398	.	.	.	.	.	.	-	-	.	.	inter	NA	1	0	1	0	.	.	.	.	.	.	.	.	.	.	.	.	.	.	.
REJECT	NOTCH3--TNXB	chr19	15192020	chr6	32095733	StarFusion	1	TRUE	NOTCH3	TNXB	ENSG00000074181	ENSG00000168477	ENST00000263388.7	ENST00000647633.1	ENST00000263388.7	ENST00000647633.1	e4	e3	-	-	.	.	inter	NA	1	0	1	0	in-frame	.	.	.	EGF|43-75|1.6e-08^EGF_2|46-76|0.00019^EGF_3|48-73|0.093^hEGF|49-71|9.2e-06^FXa_inhibition|53-73|0.013^EGF_CA|64-72|3.3^cEGF|65-72|0.72^EGF|82-115|3.8e-06^EGF_CA|82-113|0.2^EGF_2|82-117|0.0012^EGF_3|85-114|0.038^hEGF|87-112|0.00091^FXa_inhibition|91-113|0.65^cEGF|104-115|0.029^EGF|123-153|1.9e-08^EGF_CA|126-151|0.014^EGF_3|127-152|0.00037^hEGF|128-150|1.2e-06^EGF_2|128-155|0.0081^FXa_inhibition|128-153|0.00074^cEGF|142-161|1.1e-07^EGF_CA|158-190|1.2e-12^EGF_2|162-194|5.6e-07^EGF_3|163-191|2.4e-05^EGF|166-192|3e-10^FXa_inhibition|167-190|6.4e-05^hEGF|168-189|4e-08^cEGF|180-192|0.0012^EGF|201-231|1.4e-07^EGF_2|201-233|0.00056^EGF_CA|204-233|2.6^EGF_3|205-230|0.021^hEGF|206-228|6.5e-06^FXa_inhibition|210-231|0.1^cEGF|220-253|0.087^FXa_inhibition|233-275|0.0066^EGF_CA|237-267|0.0026^EGF|240-269|8.3e-10^EGF_2|240-271|9.1e-05^hEGF|245-266|7.7e-09^cEGF|258-264|5.5^EGF_CA|274-307|1.1e-11^EGF|278-309|5.8e-10^EGF_3|278-308|0.0015^FXa_inhibition|278-309|1.4^EGF_2|283-311|3.1e-05^hEGF|285-306|6.6e-06^FXa_inhibition|311-343|0.031^EGF_CA|315-343|0.00042^EGF|318-346|1.5e-07^hEGF|323-343|6.6e-06^EGF_3|323-346|0.39^cEGF|335-343|0.1^EGF|355-385|3.9e-08^EGF_CA|356-384|1.5^EGF_2|357-388|0.041^EGF_3|358-385|2.4e-05^hEGF|360-383|0.00018^FXa_inhibition|363-386|0.14^cEGF|377-394|0.00061^EGF_CA|391-424|1.7e-12^EGF|395-427|1.6e-09^EGF_2|395-428|0.00082^EGF_3|395-425|3.4e-06^FXa_inhibition|395-425|0.00025^hEGF|406-423|0.0023^cEGF|414-434|0.0045^EGF_CA|431-462|2.2e-08^EGF|435-464|2.4e-08^EGF_2|438-466|0.001^EGF_3|438-466|9.5e-05^FXa_inhibition|438-463|0.033^hEGF|440-461|3.4e-07^cEGF|453-472|0.00077^EGF_CA|469-500|7.6e-06^EGF|473-503|7.4e-09^EGF_2|473-504|0.00017^hEGF|478-499|9.1e-08^EGF_3|480-501|0.33^FXa_inhibition|482-502|0.031^cEGF|490-510|2.1e-06^EGF_CA|507-540|1.4e-06^EGF|511-539|2.8e-10^EGF_2|511-542|0.023^EGF_3|514-539|0.0055^hEGF|516-537|1.7e-08^FXa_inhibition|520-539|0.0013^cEGF|528-543|0.69^EGF_3|542-576|0.34^FXa_inhibition|542-576|0.0018^EGF_CA|546-577|0.002^EGF|549-578|2.7e-10^EGF_2|549-579|0.0018^hEGF|554-574|3.5e-07^cEGF|565-580|0.003^EGF_CA|583-613|0.00018^EGF|586-615|2.9e-09^EGF_2|586-617|0.0052^EGF_3|590-614|0.02^FXa_inhibition|590-613|0.073^hEGF|591-611|1.4e-07^cEGF|604-611|1.7^EGF_3-PARTIAL|617-619~|0.066	fn3|2132-2202|1e-10^DUF4998|2138-2192|0.00099^DUF4959|2158-2208|0.0035^Pur_ac_phosph_N|2175-2193|2.3^DUF2369|2176-2213|0.049^CBX7_C|2229-2249|0.18^fn3|2238-2308|5.9e-16^Pur_ac_phosph_N|2240-2298|0.025^DUF4998|2248-2301|0.016^DUF4959|2249-2310|0.026^DUF2369|2282-2310|0.047^fn3|2347-2416|1.5e-14^Pur_ac_phosph_N|2348-2418|0.015^DUF4998|2358-2409|0.059^DUF4959|2360-2417|0.049^DUF2369|2390-2464|0.0012^CBX7_C|2439-2457|1.3^fn3|2446-2516|3.8e-15^DUF4998|2451-2508|0.027^DUF4959|2459-2513|0.1^VirB8|2459-2489|4.6^DUF2369|2489-2514|0.12^CBX7_C|2547-2565|0.44^fn3|2554-2625|2.6e-16^Pur_ac_phosph_N|2556-2615|0.0039^DUF4959|2561-2622|0.0011^DUF4998|2563-2617|0.0017^DUF2369|2598-2625|0.042^fn3|2663-2732|1.5e-14^Pur_ac_phosph_N|2664-2732|0.031^DUF4998|2674-2725|0.059^DUF4959|2676-2739|0.03^DUF2369|2706-2735|0.023^fn3|2774-2843|5.5e-15^Pur_ac_phosph_N|2775-2834|0.011^DUF4998|2785-2836|0.035^DUF4959|2787-2842|0.013^VirB8|2787-2815|5.5^DUF2369|2817-2850|0.0037^fn3|2879-2954|1.1e-15^Pur_ac_phosph_N|2881-2939|0.06^DUF4998|2887-2942|0.012^DUF4959|2889-2947|0.017^DUF2369|2923-2951|0.048^fn3|2988-3057|5.8e-15^Pur_ac_phosph_N|2989-3057|0.011^DUF4998|2999-3050|0.042^DUF4959|3001-3064|0.075^DUF2369|3031-3066|0.011^CBX7_C|3088-3106|0.11^fn3|3095-3170|1.3e-15^Pur_ac_phosph_N|3097-3155|0.048^DUF4998|3105-3158|0.023^VirB8|3108-3140|0.58^DUF4959|3109-3163|0.064^DUF2369|3139-3166|0.089^fn3|3204-3273|2.7e-14^Pur_ac_phosph_N|3205-3274|0.034^DUF4998|3215-3265|0.067^DUF4959|3217-3276|0.17^DUF2369|3247-3275|0.11^CBX7_C|3302-3322|0.18^fn3|3311-3382|2.5e-15^Pur_ac_phosph_N|3313-3371|0.039^DUF4998|3321-3374|0.017^VirB8|3324-3356|0.56^DUF4959|3334-3379|0.044^DUF2369|3355-3381|0.1^fn3|3418-3487|3.5e-15^Pur_ac_phosph_N|3419-3488|0.0082^DUF4998|3429-3480|0.0095^DUF4959|3431-3497|0.025^DUF2369|3461-3489|0.036^fn3|3513-3578|3.4e-11^Pur_ac_phosph_N|3515-3550|1.1^DUF4959|3541-3583|1.1^DUF2369|3560-3584|1.1^CBX7_C|3598-3614|0.17^fn3|3606-3679|3.9e-15^Pur_ac_phosph_N|3608-3668|0.0045^DUF4959|3609-3674|0.00078^DUF4998|3618-3668|0.086^VirB8|3618-3654|0.05^DUF2369|3651-3674|0.053^fn3|3700-3767|1.5e-14^Pur_ac_phosph_N|3701-3762|0.0021^DUF4998|3706-3762|0.0022^VirB8|3716-3749|0.54^DUF4959|3727-3765|1.8^DUF2369|3746-3765|0.99^Pur_ac_phosph_N|3808-3868|0.0053^fn3|3809-3877|2.7e-13^DUF4998|3818-3868|0.94^DUF2369|3851-3918|0.00081^CBX7_C|3903-3918|0.0059^fn3|3905-3984|6.4e-11^Pur_ac_phosph_N|3908-3977|0.051^DUF2369|3960-3986|1.2^fn3|4005-4078|7.6e-17^DUF4998|4007-4070|0.51^Pur_ac_phosph_N|4009-4075|0.0088^fn3|4095-4166|9.1e-10^fn3|4182-4254|1.4e-11^Fibrinogen_C|4273-4482|1.4e-93	.	.	.	.	.	.	.	.	.
REJECT	DMKN--TNS1	chr19	35512421	chr2	217804343	StarFusion	1	TRUE	DMKN	TNS1	ENSG00000161249	ENSG00000079308	.	.	.	.	.	.	-	-	.	.	inter	NA	1	0	1	0	.	.	.	.	.	.	.	.	.	.	.	.	.	.	.
REJECT	RNU2-63P--NDUFS4	chr2	88016333	chr5	53646233	StarFusion	1	TRUE	RNU2-63P	NDUFS4	ENSG00000222724	ENSG00000164258	.	.	.	.	.	.	-	+	.	.	inter	NA	1	0	1	0	.	.	.	.	.	.	.	.	.	.	.	.	.	.	.
REJECT	EEF1B2--PREP	chr2	206161410	chr6	105278010	StarFusion	1	TRUE	EEF1B2	PREP	ENSG00000114942	ENSG00000085377	.	.	.	.	.	.	+	-	.	.	inter	NA	1	0	1	0	.	.	.	.	.	.	.	.	.	.	.	.	.	.	.
REJECT	CSNK2A1--DBNL	chr20	475285	chr7	44052867	StarFusion	1	TRUE	CSNK2A1	DBNL	ENSG00000101266	ENSG00000136279	.	.	.	.	.	.	-	+	.	.	inter	NA	1	0	1	0	.	.	.	.	.	.	.	.	.	.	.	.	.	.	.
REJECT	HMGB1P5--KRI1	chr3	22382460	chr19	10560358	StarFusion	1	TRUE	HMGB1P5	KRI1	ENSG00000132967	ENSG00000129347	.	.	.	.	.	.	+	-	.	.	inter	NA	1	0	1	0	.	.	.	.	.	.	.	.	.	.	.	.	.	.	.
REJECT	SMARCC1--SHISAL2B	chr3	47678198	chr5	64690507	StarFusion	1	TRUE	SMARCC1	SHISAL2B	ENSG00000173473	ENSG00000145642	.	.	.	.	.	.	-	+	.	.	inter	NA	1	0	1	0	.	.	.	.	.	.	.	.	.	.	.	.	.	.	.
REJECT	ITGB5--TMEM132A	chr3	124796388	chr11	60933773	StarFusion	1	TRUE	ITGB5	TMEM132A	ENSG00000082781	ENSG00000006118	.	.	.	.	.	.	-	+	.	.	inter	NA	1	0	1	0	.	.	.	.	.	.	.	.	.	.	.	.	.	.	.
REJECT	SORCS2--EPPK1	chr4	7454957	chr8	143868298	Arriba	1	TRUE	SORCS2	EPPK1	ENSG00000184985	ENSG00000261150	.	ENST00000615648.1	.	ENST00000615648.1	.	e2	+	-	intron	CDS	inter	NA	1	3	1	3	.	.	.	.	Sortilin__neurotensin_receptor_3_(100%)	Plectin_repeat(100%)	.	.	.	.	.	.	.	.	.
REJECT	HSD17B11--HRNR	chr4	87336712	chr1	152214236	StarFusion	1	TRUE	HSD17B11	HRNR	ENSG00000198189	ENSG00000197915	.	.	.	.	.	.	-	-	.	.	inter	NA	1	0	1	0	.	.	.	.	.	.	.	.	.	.	.	.	.	.	.
REJECT	HSD17B11--HRNR	chr4	87336712	chr1	152215646	StarFusion	1	TRUE	HSD17B11	HRNR	ENSG00000198189	ENSG00000197915	.	.	.	.	.	.	-	-	.	.	inter	NA	1	0	1	0	.	.	.	.	.	.	.	.	.	.	.	.	.	.	.
REJECT	HSD17B11--HRNR	chr4	87336712	chr1	152217056	StarFusion	1	TRUE	HSD17B11	HRNR	ENSG00000198189	ENSG00000197915	.	.	.	.	.	.	-	-	.	.	inter	NA	1	0	1	0	.	.	.	.	.	.	.	.	.	.	.	.	.	.	.
REJECT	HSD17B11--HRNR	chr4	87336712	chr1	152218466	StarFusion	1	TRUE	HSD17B11	HRNR	ENSG00000198189	ENSG00000197915	.	.	.	.	.	.	-	-	.	.	inter	NA	1	0	1	0	.	.	.	.	.	.	.	.	.	.	.	.	.	.	.
REJECT	AC106794.2--SLC7A8	chr5	12794601	chr14	23129799	StarFusion	1	TRUE	AC106794.2	SLC7A8	ENSG00000251112	ENSG00000092068	.	.	.	.	.	.	-	-	.	.	inter	NA	1	0	1	0	.	.	.	.	.	.	.	.	.	.	.	.	.	.	.
REJECT	AC112206.2--TJP2	chr5	67801129	chr9	69220887	StarFusion	1	TRUE	AC112206.2	TJP2	ENSG00000249364	ENSG00000119139	.	.	.	.	.	.	+	+	.	.	inter	NA	1	0	1	0	.	.	.	.	.	.	.	.	.	.	.	.	.	.	.
REJECT	SLC30A5--SH3GLB1	chr5	69121868	chr1	86715781	StarFusion	1	TRUE	SLC30A5	SH3GLB1	ENSG00000145740	ENSG00000097033	ENST00000396591.8	ENST00000616170.4	ENST00000396591.8	ENST00000370558.8	e13	e2	+	+	.	.	inter	NA	1	0	1	0	out-of-frame	.	.	.	Cation_efflux|88-113|0.17^Cation_efflux|132-163|0.3^Cation_efflux|210-284|0.017^Cation_efflux|345-356|0.32^Cation_efflux|420-649|2.4e-52	BAR-PARTIAL|~130-282|3e-75^BAR_2-PARTIAL|~130-280|6.9e-12^BAR_3-PARTIAL|~130-196|1.3e-06^BAR_3|250-283|0.00021^SH3_9|280-289|0.071^SH3_2|282-289|3.2^SH3_2|339-391|5.3e-10^SH3_1|340-386|3.6e-11^SH3_9|341-391|2.4e-14	.	.	.	.	.	.	.	.	.
REJECT	NDST1--LARP1	chr5	150535885	chr5	154790325	StarFusion	1	TRUE	NDST1	LARP1	ENSG00000070614	ENSG00000155506	ENST00000261797.7	ENST00000336314.9	ENST00000261797.7	ENST00000336314.9	e6	e2	+	+	.	.	intra	4254440	1	1	1	1	out-of-frame	.	.	.	HSNSD|25-515|2.9e-255^Sulfotransfer_1|605-858|5e-49^Sulfotransfer_3|605-641|8.3e-07^Sulfotransfer_3|662-799|9.8e-05	SGP|236-289|2.8e-06^La|330-385|1.5e-24	.	.	.	.	.	.	.	.	.
REJECT	TNIP1--PROB1	chr5	151060318	chr5	139394364	StarFusion	1	TRUE	TNIP1	PROB1	ENSG00000145901	ENSG00000228672	ENST00000523338.5	ENST00000434752.4	ENST00000315050.11	ENST00000434752.4	e5	e1	-	-	.	.	intra	11665954	1	0	1	0	in-frame	.	.	.	FlxA|22-47|1^Filament|26-67|1.3^ATG16|26-71|0.26^Myc-LZ|26-40|1.1^CC2-LZ|27-42|1^ATG16|126-258|7e-06^Filament|192-252|0.016^CC2-LZ|197-226|0.66^NPV_P10|198-228|0.58^DUF4407|200-311|0.024^FlxA|201-238|2.4^Myc-LZ|208-227|1.1e-05^Myc-LZ|238-249|8^Pox_F11|268-354|0.049^CC2-LZ|300-384|2.1^FlxA|301-361|0.06^Filament|302-364|6.3e-06^ATG16|304-424|0.029^DUF4407-PARTIAL|305-435~|0.0097^NPV_P10|333-356|0.0013^Myc-LZ|337-346|8^Filament|355-426|0.00024^CC2-LZ|375-405|0.03^FlxA|377-418|0.015^Myc-LZ|383-394|5.2^NPV_P10|387-424|0.005^CC2-LZ-PARTIAL|388-435~|8.8e-11^Pox_F11-PARTIAL|408-435~|0.0012	DUF4585|877-941|1.3e-25	.	.	.	.	.	.	.	.	.
REJECT	RAB24--PTPN23	chr5	177301925	chr3	47409163	StarFusion	1	TRUE	RAB24	PTPN23	ENSG00000169228	ENSG00000076201	ENST00000393611.6	ENST00000265562.5	ENST00000303251.11	ENST00000265562.5	e7	e17	-	+	.	.	inter	NA	1	0	1	0	in-frame	.	.	.	Arf|5-170|2.7e-16^Ras|9-171|1.4e-48^Roc|9-123|1.4e-31^MMR_HSR1|9-89|4.7e-06^FeoB_N|9-168|8.9e-06^Gtr1_RagA|9-153|1.1e-05^SRPRB|9-85|0.00011^RsgA_GTPase|10-29|0.019^tRNA_anti-codon|77-120|0.0022^RsgA_GTPase|110-173|3e-05^tRNA_anti-codon|128-171|0.023^SRPRB|159-168|2^Roc|161-161|3.4	.	.	.	.	.	.	.	.	.	.
REJECT	RAB24--AC079598.3	chr5	177301925	chr12	87820692	StarFusion	1	TRUE	RAB24	AC079598.3	ENSG00000169228	ENSG00000258179	.	.	.	.	.	.	-	-	.	.	inter	NA	1	0	1	0	.	.	.	.	.	.	.	.	.	.	.	.	.	.	.
REJECT	MXD3--PTPN23	chr5	177301925	chr3	47409163	StarFusion	1	TRUE	MXD3	PTPN23	ENSG00000213347	ENSG00000076201	.	.	.	.	.	.	-	+	.	.	inter	NA	1	0	1	0	.	.	.	.	.	.	.	.	.	.	.	.	.	.	.
REJECT	MXD3--AC079598.3	chr5	177301925	chr12	87820692	StarFusion	1	TRUE	MXD3	AC079598.3	ENSG00000213347	ENSG00000258179	.	.	.	.	.	.	-	-	.	.	inter	NA	1	0	1	0	.	.	.	.	.	.	.	.	.	.	.	.	.	.	.
REJECT	MDN1--RPL37	chr6	89689800	chr5	40834534	StarFusion	1	TRUE	MDN1	RPL37	ENSG00000112159	ENSG00000145592	.	.	.	.	.	.	-	-	.	.	inter	NA	1	0	1	0	.	.	.	.	.	.	.	.	.	.	.	.	.	.	.
REJECT	HIVEP2--OR2AT4	chr6	142761464	chr11	75084755	StarFusion	1	TRUE	HIVEP2	OR2AT4	ENSG00000010818	ENSG00000171561	.	.	.	.	.	.	-	-	.	.	inter	NA	1	0	1	0	.	.	.	.	.	.	.	.	.	.	.	.	.	.	.
REJECT	UTRN--OGA	chr6	144285784	chr10	101818039	StarFusion	1	TRUE	UTRN	OGA	ENSG00000152818	ENSG00000198408	.	.	.	.	.	.	+	-	.	.	inter	NA	1	0	1	0	.	.	.	.	.	.	.	.	.	.	.	.	.	.	.
REJECT	BAZ1B--TTC23	chr7	73476868	chr15	99245510	StarFusion	1	TRUE	BAZ1B	TTC23	ENSG00000009954	ENSG00000103852	.	.	.	.	.	.	-	-	.	.	inter	NA	1	0	1	0	.	.	.	.	.	.	.	.	.	.	.	.	.	.	.
REJECT	ZNF800--UBN2	chr7	127391497	chr7	139237005	StarFusion	1	TRUE	ZNF800	UBN2	ENSG00000048405	ENSG00000157741	ENST00000439506.1	ENST00000473989.8	ENST00000439506.1	ENST00000473989.8	.	e2	-	+	.	.	intra	11845508	1	0	1	0	out-of-frame	.	.	.	.	UBN_AB-PARTIAL|~469-662|2.6e-84	.	.	.	.	.	.	.	.	.
REJECT	ARHGEF34P--BBX	chr7	144286175	chr3	107773196	StarFusion	1	TRUE	ARHGEF34P	BBX	ENSG00000204959	ENSG00000114439	.	.	.	.	.	.	-	+	.	.	inter	NA	1	0	1	0	.	.	.	.	.	.	.	.	.	.	.	.	.	.	.
REJECT	RBPMS--PITRM1	chr8	30385158	chr10	3167042	StarFusion	1	TRUE	RBPMS	PITRM1	ENSG00000157110	ENSG00000107959	ENST00000339877.8	ENST00000380989.6	ENST00000320203.8	ENST00000380989.6	e1	e3	+	-	.	.	inter	NA	1	0	1	0	in-frame	.	.	.	RRM_1-PARTIAL|26-66~|7.7e-16	Peptidase_M16-PARTIAL|~160-177|1.6e-09^Peptidase_M16_C|245-427|2.1e-30^Peptidase_M16|448-448|0.88^Peptidase_M16_C|486-528|1.3^M16C_assoc|504-753|1.3e-86^Peptidase_M16|673-701|0.00035^Peptidase_M16_C|776-957|9.1e-12^Peptidase_M16|941-962|2.3^Peptidase_M16_C|997-1017|0.28	.	.	.	.	.	.	.	.	.
REJECT	AL162411.1--KDM4C	chr9	6646085	chr9	6814631	StarFusion	1	TRUE	AL162411.1	KDM4C	ENSG00000236924	ENSG00000107077	.	.	.	.	.	.	+	+	.	.	intra	168546	1	0	1	0	.	.	.	.	.	.	.	.	.	.	.	.	.	.	.
REJECT	CDKN2A--XPO6	chr9	21974622	chr16	28133933	StarFusion	1	TRUE	CDKN2A	XPO6	ENSG00000147889	ENSG00000169180	ENST00000380151.3	ENST00000565698.5	ENST00000380151.3	ENST00000304658.9	.	e11	-	-	.	.	inter	NA	1	0	1	0	out-of-frame	.	.	.	Ank_5|16-50|1.9e-07^Ank_4|18-50|1.7e-07	.	.	.	pinklist	.	.	Yes	.	TSG	.
REJECT	IARS1--AL033523.1	chr9	92260151	chr6	3654158	StarFusion	1	TRUE	IARS1	AL033523.1	ENSG00000196305	ENSG00000228793	.	.	.	.	.	.	-	-	.	.	inter	NA	1	0	1	0	.	.	.	.	.	.	.	.	.	.	.	.	.	.	.
REJECT	RPL35AP22--RPL35A	chr9	117685369	chr3	197954059	StarFusion	1	TRUE	RPL35AP22	RPL35A	ENSG00000235133	ENSG00000182899	.	.	.	.	.	.	-	+	.	.	inter	NA	1	0	1	0	.	.	.	.	.	.	.	.	.	.	.	.	.	.	.
REJECT	MAN1B1--AL138889.3	chr9	137103774	chr6	33800905	StarFusion	1	TRUE	MAN1B1	AL138889.3	ENSG00000177239	ENSG00000287089	.	.	.	.	.	.	+	+	.	.	inter	NA	1	0	1	0	.	.	.	.	.	.	.	.	.	.	.	.	.	.	.
REJECT	EFNB1--ERC2	chrX	68839756	chr3	55510341	StarFusion	1	TRUE	EFNB1	ERC2	ENSG00000090776	ENSG00000187672	.	.	.	.	.	.	+	-	.	.	inter	NA	1	0	1	0	.	.	.	.	.	.	.	.	.	.	.	.	.	.	.
REJECT	KLHL13--RBM33	chrX	118028424	chr7	155763812	StarFusion	1	TRUE	KLHL13	RBM33	ENSG00000003096	ENSG00000184863	ENST00000453826.1	ENST00000401878.8	ENST00000453826.1	ENST00000401878.8	.	e15	-	+	.	.	inter	NA	1	0	1	0	out-of-frame	.	.	.	.	.	.	.	.	.	.	.	.	.	.
REJECT	CLSTN1--YWHAB	chr1	9729311	chr20	44906458	Arriba	1	TRUE	CLSTN1	YWHAB	ENSG00000171603	ENSG00000166913	ENST00000377298.8	ENST00000353703.9	ENST00000361311.4	ENST00000353703.9	e18	e6	-	+	3'UTR	3'UTR	inter	NA	0	3	0	3	.	.	.	.	Cadherin_domain(100%)|Concanavalin_A-like_lectin/glucanases_superfamily(100%)	Cadherin_domain(100%)|Concanavalin_A-like_lectin/glucanases_superfamily(100%)	.	.	.	.	.	.	.	.	.
REJECT	RCC2--IDS	chr1	17425619	chrX	149498229	Arriba	1	TRUE	RCC2	IDS	ENSG00000179051	ENSG00000010404	ENST00000375436.9	ENST00000340855.11	ENST00000375433.3	ENST00000340855.11	e3	e5	-	-	CDS	CDS	inter	NA	0	2	0	2	.	.	.	.	.	Sulfatase(100%)	.	.	.	.	.	.	.	.	.
REJECT	HSPG2--SNX4	chr1	21857136	chr3	125497350	Arriba	1	TRUE	HSPG2	SNX4	ENSG00000142798	ENSG00000114520	ENST00000374695.8	ENST00000251775.9	ENST00000374695.8	ENST00000251775.9	e44	e5	-	-	CDS	CDS	inter	NA	0	3	0	3	.	.	.	.	Immunoglobulin_domain(88%)|Laminin_B_(Domain_IV)(100%)|Laminin_EGF_domain(100%)|Low-density_lipoprotein_receptor_domain_class_A(100%)	Immunoglobulin_domain(88%)|Laminin_B_(Domain_IV)(100%)|Laminin_EGF_domain(100%)|Low-density_lipoprotein_receptor_domain_class_A(100%)	.	.	.	.	.	.	.	.	.
REJECT	AL591178.1--IGH-@-ext	chr1	24064134	chr14	105742794	StarFusion	1	TRUE	AL591178.1	IGH-@-ext	ENSG00000225315	IGH-.g@-ext	.	.	.	.	.	.	.	.	.	.	inter	NA	0	3	0	3	.	.	.	.	.	.	.	.	.	.	.	.	.	.	.
REJECT	NIBAN1--EIF4E	chr1	184831903	chr4	98878360	Arriba	1	TRUE	NIBAN1	EIF4E	ENSG00000135842	ENSG00000151247	ENST00000367511.4	ENST00000450253.6	ENST00000367511.4	ENST00000450253.6	e6	e7	-	-	CDS	3'UTR	inter	NA	0	2	0	2	.	.	.	.	.	.	.	.	.	.	.	.	.	.	.
REJECT	IVNS1ABP--RNF216	chr1	185300033	chr7	5620107	Arriba	1	TRUE	IVNS1ABP	RNF216	ENSG00000116679	ENSG00000011275	ENST00000367498.8	ENST00000425013.6	ENST00000367498.8	ENST00000389902.7	e13	.	-	-	CDS	3'UTR	inter	NA	0	6	0	6	.	.	.	.	BTB/POZ_domain(100%)|BTB_And_C-terminal_Kelch(100%)|Kelch_motif(92%)	BTB/POZ_domain(100%)|BTB_And_C-terminal_Kelch(100%)|Kelch_motif(92%)	.	.	.	.	.	.	.	.	.
REJECT	ACBD3--UTP23	chr1	226161628	chr8	116773464	Arriba	1	TRUE	ACBD3	UTP23	ENSG00000182827	ENSG00000147679	ENST00000366812.6	ENST00000309822.7	ENST00000366812.6	ENST00000309822.7	e4	e3	-	+	CDS	3'UTR	inter	NA	0	3	0	3	.	.	.	.	Acyl_CoA_binding_protein(100%)	Acyl_CoA_binding_protein(100%)	.	.	.	.	.	.	.	.	.
REJECT	WNT9A--PHF12	chr1	227920558	chr17	28917339	Arriba	1	TRUE	WNT9A	PHF12	ENSG00000143816	ENSG00000109118	ENST00000272164.6	ENST00000332830.9	ENST00000272164.6	ENST00000332830.9	e4	e7	-	-	3'UTR	CDS	inter	NA	0	2	0	2	.	.	.	.	wnt_family(100%)	wnt_family(100%)	.	.	.	.	.	.	.	.	.
REJECT	ADD3--ANKRD36	chr10	110134396	chr2	97200462	Arriba	1	TRUE	ADD3	ANKRD36	ENSG00000148700	ENSG00000135976	ENST00000277900.12	ENST00000420699.8	ENST00000356080.9	ENST00000420699.8	e15	e46	+	+	3'UTR	CDS	inter	NA	0	3	0	3	.	.	.	.	.	CCDC144C_protein_coiled-coil_region(100%)	.	.	.	.	.	.	.	.	.
REJECT	DOCK1--ARF3	chr10	127248038	chr12	48938744	Arriba	1	TRUE	DOCK1	ARF3	ENSG00000150760	ENSG00000134287	ENST00000280333.9	ENST00000256682.9	ENST00000280333.9	ENST00000256682.9	e28	e5	+	-	CDS	3'UTR	inter	NA	0	3	0	3	.	.	.	.	C2_domain_in_Dock180_and_Zizimin_proteins(100%)|DOCK_N-terminus(100%)|Variant_SH3_domain(100%)	C2_domain_in_Dock180_and_Zizimin_proteins(100%)|DOCK_N-terminus(100%)|Variant_SH3_domain(100%)	.	.	.	.	.	.	.	.	.
REJECT	CD82--LAPTM4A	chr11	44619831	chr2	20037380	Arriba	1	TRUE	CD82	LAPTM4A	ENSG00000085117	ENSG00000068697	ENST00000227155.9	ENST00000175091.5	ENST00000227155.9	ENST00000175091.5	e10	e4	+	-	3'UTR	CDS	inter	NA	0	4	0	4	.	.	.	.	Tetraspanin_family(100%)	Golgi_4-transmembrane_spanning_transporter(100%)	.	.	.	.	.	.	.	.	.
REJECT	BEST1--IGH-@-ext	chr11	61965476	chr14	105668402	StarFusion	1	TRUE	BEST1	IGH-@-ext	ENSG00000167995	IGH-.g@-ext	.	.	.	.	.	.	.	.	.	.	inter	NA	0	3	0	3	.	.	.	.	.	.	.	.	.	.	.	.	.	.	.
REJECT	MRE11--ATP11B	chr11	94416934	chr3	182873900	Arriba	1	TRUE	MRE11	ATP11B	ENSG00000020922	ENSG00000058063	ENST00000323929.7	ENST00000323116.10	ENST00000323929.7	ENST00000323116.10	e20	e19	-	+	3'UTR	CDS	inter	NA	0	4	0	4	.	.	.	.	.	Phospholipid-translocating_P-type_ATPase_C-terminal(100%)	.	.	.	.	.	.	.	.	.
REJECT	KMT2A--PDS5A	chr11	118498394	chr4	39910282	StarFusion	1	TRUE	KMT2A	PDS5A	ENSG00000118058	ENSG00000121892	ENST00000534358.7	ENST00000303538.13	ENST00000389506.10	ENST00000303538.13	e22	e10	.	.	.	.	inter	NA	0	1	0	1	out-of-frame	.	.	ChimerKB|Cosmic	SET|455-517|3^SET|854-908|0.41^DUF3915|866-894|0.0036^zf-CXXC|1148-1194|2.5e-16^SET|1207-1242|3.1^PHD|1434-1482|5.1e-07^PHD_4|1442-1479|0.044^PHD_2|1445-1480|0.00061^zf-HC5HC2H|1478-1530|8^PHD_4|1478-1531|9.4e-06^PHD|1481-1533|9.5e-12^PHD_2|1494-1530|1.2e-05^zf-CXXC|1528-1536|1.9^PHD|1532-1561|1.8^PHD|1569-1629|2.7e-10^zf-HC5HC2H_2|1569-1614|5.3^PHD_4|1569-1627|0.028^PHD_2|1583-1599|0.012^Bromodomain|1697-1742|8.6e-06^zf-HC5HC2H_2|1889-1969|7.9e-12^PHD|1899-1907|7.2^zf-HC5HC2H|1903-1981|1.5e-13^PHD|1935-1965|0.55^FYRN|2027-2074|4e-19^FYRC|3672-3751|7.4e-25^SET|3843-3947|1.1e-24	.	.	.	pinklist	.	cosmic	Yes	.	OG,F	.
REJECT	AEBP2--GOLGA5	chr12	19522141	chr14	92837437	Arriba	1	TRUE	AEBP2	GOLGA5	ENSG00000139154	ENSG00000066455	ENST00000266508.14	ENST00000163416.7	ENST00000398864.7	ENST00000163416.7	e9	e12	+	+	3'UTR	CDS	inter	NA	0	3	0	3	.	.	.	.	.	.	.	.	pinklist	.	.	.	Yes	.	F
REJECT	DDX23--SERPINB13	chr12	48837534	chr18	63598059	Arriba	1	TRUE	DDX23	SERPINB13	ENSG00000174243	ENSG00000197641	ENST00000308025.8	ENST00000269489.9	ENST00000308025.8	ENST00000344731.9	e7	e8	-	+	CDS	3'UTR	inter	NA	0	4	0	4	.	.	.	.	.	.	.	.	.	.	.	.	.	.	.
REJECT	KRT1--KRT6A	chr12	52677316	chr12	52490068	Arriba	1	TRUE	KRT1	KRT6A	ENSG00000167768	ENSG00000205420	ENST00000252244.3	ENST00000330722.7	ENST00000252244.3	ENST00000330722.7	e5	e6	-	-	CDS/splice-site	CDS/splice-site	intra	187248	0	0	0	0	stop-codon	.	readthrough	.	Intermediate_filament_protein(100%)|Keratin_type_II_head(100%)	Intermediate_filament_protein(100%)	.	.	.	.	.	.	.	.	.
REJECT	KRT1--KRT6A	chr12	52678542	chr12	52491172	Arriba	1	TRUE	KRT1	KRT6A	ENSG00000167768	ENSG00000205420	ENST00000252244.3	ENST00000330722.7	ENST00000252244.3	ENST00000330722.7	e2	e3	-	-	CDS/splice-site	CDS/splice-site	intra	187370	0	0	0	0	in-frame	.	readthrough	.	Intermediate_filament_protein(100%)|Keratin_type_II_head(100%)	Intermediate_filament_protein(100%)	.	.	.	.	.	.	.	.	.
REJECT	KRT1--KRT6A	chr12	52679758	chr12	52491736	Arriba	1	TRUE	KRT1	KRT6A	ENSG00000167768	ENSG00000205420	ENST00000252244.3	ENST00000330722.7	ENST00000252244.3	ENST00000330722.7	e1	e2	-	-	CDS/splice-site	CDS/splice-site	intra	188022	0	0	0	0	in-frame	.	readthrough	.	Intermediate_filament_protein(100%)|Keratin_type_II_head(100%)	Intermediate_filament_protein(100%)	.	.	.	.	.	.	.	.	.
REJECT	SNRPF--GPI	chr12	95861291	chr19	34401183	Arriba	1	TRUE	SNRPF	GPI	ENSG00000139343	ENSG00000105220	ENST00000552085.1	ENST00000415930.8	ENST00000266735.9	ENST00000356487.11	e2	e18	+	+	CDS	3'UTR	inter	NA	0	4	0	4	.	.	.	.	.	.	.	.	.	.	.	.	.	.	.
REJECT	IGH-@-ext--AC004949.1	chr14	105624678	chr7	10451522	StarFusion	1	TRUE	IGH-@-ext	AC004949.1	IGH-.g@-ext	ENSG00000283117	.	.	.	.	.	.	.	.	.	.	inter	NA	0	6	0	6	.	.	.	.	.	.	.	.	.	.	.	.	.	.	.
REJECT	IGH-@-ext--LINC01348	chr14	105668462	chr1	235069426	StarFusion	1	TRUE	IGH-@-ext	LINC01348	IGH-.g@-ext	ENSG00000280587	.	.	.	.	.	.	.	.	.	.	inter	NA	0	3	0	3	.	.	.	.	.	.	.	.	.	.	.	.	.	.	.
REJECT	IGH@-ext--KRT6A	chr14	105668707	chr12	52487855	StarFusion	1	TRUE	IGH@-ext	KRT6A	IGH.g@-ext	ENSG00000205420	.	.	.	.	.	.	.	.	.	.	inter	NA	0	21	0	21	.	.	.	.	.	.	reciprocal	.	.	.	.	.	.	.	.
REJECT	IGH-@-ext--ERAP1	chr14	105707198	chr5	96790517	StarFusion	1	TRUE	IGH-@-ext	ERAP1	IGH-.g@-ext	ENSG00000164307	.	.	.	.	.	.	.	.	.	.	inter	NA	0	2	0	2	.	.	.	.	.	.	.	.	.	.	.	.	.	.	.
REJECT	IGH-@-ext--AP006621.4	chr14	105707408	chr11	727092	StarFusion	1	TRUE	IGH-@-ext	AP006621.4	IGH-.g@-ext	ENSG00000269915	.	.	.	.	.	.	.	.	.	.	inter	NA	0	2	0	2	.	.	.	.	.	.	.	.	.	.	.	.	.	.	.
REJECT	IGH@-ext--MALAT1	chr14	105742060	chr11	65502270	StarFusion	1	TRUE	IGH@-ext	MALAT1	IGH.g@-ext	ENSG00000251562	.	.	.	.	.	.	.	.	.	.	inter	NA	0	16	0	16	.	.	.	.	.	.	.	.	pinklist	.	.	.	Yes	.	OG,TSG,F
REJECT	IGH-@-ext--AC107081.2	chr14	105769368	chr2	61868624	StarFusion	1	TRUE	IGH-@-ext	AC107081.2	IGH-.g@-ext	ENSG00000236498	.	.	.	.	.	.	.	.	.	.	inter	NA	0	4	0	4	.	.	.	.	.	.	.	.	.	.	.	.	.	.	.
REJECT	IGH@-ext--NEAT1	chr14	105769813	chr11	65425204	StarFusion	1	TRUE	IGH@-ext	NEAT1	IGH.g@-ext	ENSG00000245532	.	.	.	.	.	.	.	.	.	.	inter	NA	0	9	0	9	.	.	.	.	.	.	.	.	.	.	.	.	.	.	.
REJECT	SNHG29--ZNF8	chr17	16440190	chr19	58302235	Arriba	1	TRUE	SNHG29	ZNF8	ENSG00000175061	ENSG00000278129	ENST00000583400.7	ENST00000621650.2	ENST00000484836.2	ENST00000621650.2	e4	e4	+	+	exon	3'UTR	inter	NA	0	3	0	3	.	.	.	.	.	.	.	.	.	.	.	.	.	.	.
REJECT	ITGA3--ZNF703	chr17	50078278	chr8	37699953	Arriba	1	TRUE	ITGA3	ZNF703	ENSG00000005884	ENSG00000183779	ENST00000320031.13	ENST00000331569.6	ENST00000320031.13	ENST00000331569.6	e18	e2	+	+	CDS	3'UTR	inter	NA	0	3	0	3	.	.	.	.	FG-GAP_repeat(100%)|Integrin_alpha(100%)	FG-GAP_repeat(100%)|Integrin_alpha(100%)	.	.	.	.	.	.	.	.	.
REJECT	XRN2--PLEKHM2	chr20	21330621	chr1	15725408	Arriba	1	TRUE	XRN2	PLEKHM2	ENSG00000088930	ENSG00000116786	ENST00000377191.5	ENST00000375799.8	ENST00000377191.5	ENST00000375799.8	e6	e8	+	+	CDS	CDS	inter	NA	0	4	0	4	.	.	.	.	XRN_5'-3'_exonuclease_N-terminus(100%)	PH_domain(100%)	.	.	.	.	.	.	.	.	.
REJECT	ZNF217--PPP1R2	chr20	53581632	chr3	195515076	Arriba	1	TRUE	ZNF217	PPP1R2	ENSG00000171940	ENSG00000184203	ENST00000371471.6	ENST00000618156.5	ENST00000302342.3	ENST00000618156.5	e1	e6	-	-	CDS	3'UTR	inter	NA	0	4	0	4	.	.	.	.	.	.	.	.	.	.	.	.	.	.	.
REJECT	IGL-@-ext--TBC1D15	chr22	22224401	chr12	71894857	StarFusion	1	TRUE	IGL-@-ext	TBC1D15	IGL-.g@-ext	ENSG00000121749	.	.	.	.	.	.	.	.	.	.	inter	NA	0	3	0	3	.	.	.	.	.	.	.	.	.	.	.	.	.	.	.
REJECT	IGL-@-ext--AC087854.1	chr22	22901240	chr8	22543890	StarFusion	1	TRUE	IGL-@-ext	AC087854.1	IGL-.g@-ext	ENSG00000251034	.	.	.	.	.	.	.	.	.	.	inter	NA	0	10	0	10	.	.	.	.	.	.	.	.	.	.	.	.	.	.	.
REJECT	IGL-@-ext--AC022395.1	chr22	22906637	chr10	118018189	StarFusion	1	TRUE	IGL-@-ext	AC022395.1	IGL-.g@-ext	ENSG00000231104	.	.	.	.	.	.	.	.	.	.	inter	NA	0	3	0	3	.	.	.	.	.	.	.	.	.	.	.	.	.	.	.
REJECT	POLDIP3--IGH@-ext	chr22	42603002	chr14	105624731	StarFusion	1	TRUE	POLDIP3	IGH@-ext	ENSG00000100227	IGH.g@-ext	.	.	.	.	.	.	.	.	.	.	inter	NA	0	8	0	8	.	.	.	.	.	.	.	.	.	.	.	.	.	.	.
REJECT	TOMM70--CCNG2	chr3	100384522	chr4	77166093	Arriba	1	TRUE	TOMM70	CCNG2	ENSG00000154174	ENSG00000138764	ENST00000284320.6	ENST00000316355.10	ENST00000284320.6	ENST00000316355.10	e4	e8	-	+	CDS	3'UTR	inter	NA	0	2	0	2	.	.	.	.	Tetratricopeptide_repeat(100%)	Tetratricopeptide_repeat(100%)	.	.	.	.	.	.	.	.	.
REJECT	GSK3B--ZNF121	chr3	119823855	chr19	9566059	Arriba	1	TRUE	GSK3B	ZNF121	ENSG00000082701	ENSG00000197961	ENST00000264235.12	ENST00000586602.5	ENST00000316626.5	ENST00000320451.6	.	e4	-	-	3'UTR	CDS	inter	NA	0	3	0	3	.	.	.	.	Protein_kinase_domain(100%)	Zinc_finger__C2H2_type(100%)	.	.	.	.	.	.	.	.	.
REJECT	ASTE1--HEXIM1	chr3	131016106	chr17	45151240	Arriba	1	TRUE	ASTE1	HEXIM1	ENSG00000034533	ENSG00000186834	ENST00000264992.7	ENST00000332499.3	ENST00000264992.7	ENST00000332499.3	.	e1	-	+	intron	3'UTR	inter	NA	0	3	0	3	.	.	.	.	XPG_N-terminal_domain(100%)|XPG_domain_containing(100%)	XPG_N-terminal_domain(100%)|XPG_domain_containing(100%)	.	.	.	.	.	.	.	.	.
REJECT	TBL1XR1--TTC37	chr3	177024035	chr5	95525669	Arriba	1	TRUE	TBL1XR1	TTC37	ENSG00000177565	ENSG00000198677	ENST00000430069.5	ENST00000649566.1	ENST00000430069.5	ENST00000358746.6	e16	e14	-	-	3'UTR	CDS	inter	NA	0	4	0	4	.	.	.	.	LisH(100%)|WD_domain__G-beta_repeat(100%)	Sel1_repeat(100%)|Tetratricopeptide_repeat(100%)	.	.	pinklist	.	.	Yes	.	OG,TSG,F	.
REJECT	AC026785.2--IGH-@-ext	chr5	17354271	chr14	105668402	StarFusion	1	TRUE	AC026785.2	IGH-@-ext	ENSG00000248223	IGH-.g@-ext	.	.	.	.	.	.	.	.	.	.	inter	NA	0	3	0	3	.	.	.	.	.	.	.	.	.	.	.	.	.	.	.
REJECT	GRPEL2--MTMR12	chr5	149352398	chr5	32230213	Arriba	1	TRUE	GRPEL2	MTMR12	ENSG00000164284	ENSG00000150712	ENST00000329271.8	ENST00000280285.9	ENST00000329271.8	ENST00000382142.8	e4	e16	+	-	3'UTR	CDS	intra	117122185	0	4	0	4	.	.	.	.	GrpE(100%)	GrpE(100%)	.	.	.	.	.	.	.	.	.
REJECT	RREB1--MTA2	chr6	7249138	chr11	62598126	Arriba	1	TRUE	RREB1	MTA2	ENSG00000124782	ENSG00000149480	ENST00000379938.7	ENST00000278823.7	ENST00000379938.7	ENST00000278823.7	e13	e6	+	-	3'UTR	CDS	inter	NA	0	4	0	4	.	.	.	.	C2H2-type_zinc-finger_domain(100%)|C2H2-type_zinc_finger(100%)|Zinc-finger_of_C2H2_type(100%)|Zinc_finger__C2H2_type(100%)	ELM2_domain(100%)|GATA_zinc_finger(100%)	.	.	.	.	.	.	.	.	.
REJECT	ME1--SMIM11B	chr6	83430892	chr21	7758476	Arriba	1	TRUE	ME1	SMIM11B	ENSG00000065833	ENSG00000273590	ENST00000369705.4	ENST00000619874.4	ENST00000369705.4	ENST00000619874.4	e1	e4	-	+	CDS	3'UTR	inter	NA	0	3	0	3	.	.	.	.	.	.	.	.	.	.	.	.	.	.	.
REJECT	SGK1--KLF6	chr6	134172196	chr10	3778698	Arriba	1	TRUE	SGK1	KLF6	ENSG00000118515	ENSG00000067082	ENST00000367858.9	ENST00000542957.1	ENST00000237305.11	ENST00000497571.6	e8	e4	-	-	CDS	3'UTR	inter	NA	0	3	0	3	.	.	.	.	Protein_kinase_domain(99%)	Protein_kinase_domain(99%)	.	.	pinklist	.	.	Yes	Yes	OG	TSG
REJECT	PTPRZ1--DDX52	chr7	121967988	chr17	37610359	Arriba	1	TRUE	PTPRZ1	DDX52	ENSG00000106278	ENSG00000278053	ENST00000393386.7	ENST00000617633.5	ENST00000393386.7	ENST00000617633.5	e3	e15	+	-	CDS	3'UTR	inter	NA	0	3	0	3	.	.	.	.	Eukaryotic-type_carbonic_anhydrase(100%)	Eukaryotic-type_carbonic_anhydrase(100%)	.	.	.	.	.	.	.	.	.
REJECT	AHCYL2--THRAP3	chr7	129405865	chr1	36304398	Arriba	1	TRUE	AHCYL2	THRAP3	ENSG00000158467	ENSG00000054118	ENST00000325006.7	ENST00000354618.10	ENST00000325006.7	ENST00000354618.10	e9	e12	+	+	CDS	3'UTR	inter	NA	0	4	0	4	.	.	.	.	S-adenosyl-L-homocysteine_hydrolase(100%)|S-adenosyl-L-homocysteine_hydrolase__NAD_binding_domain(100%)	S-adenosyl-L-homocysteine_hydrolase(100%)|S-adenosyl-L-homocysteine_hydrolase__NAD_binding_domain(100%)	.	.	pinklist	.	.	.	Yes	.	F
REJECT	TM2D2--SPECC1L-ADORA2A	chr8	38993611	chr22	24321865	Arriba	1	TRUE	TM2D2	SPECC1L-ADORA2A	ENSG00000169490	ENSG00000258555	ENST00000456397.7	ENST00000358654.2	ENST00000456397.7	ENST00000358654.2	e3	e5	-	+	CDS	CDS	inter	NA	0	2	0	2	.	.	.	.	.	.	.	.	.	.	.	.	.	.	.
REJECT	CNTLN--USP8	chr9	17409357	chr15	50462311	Arriba	1	TRUE	CNTLN	USP8	ENSG00000044459	ENSG00000138592	ENST00000380647.8	ENST00000396444.7	ENST00000380647.8	ENST00000307179.9	e16	e6	+	+	CDS	CDS	inter	NA	0	2	0	2	.	.	.	.	.	Rhodanese-like_domain(100%)|Ubiquitin_carboxyl-terminal_hydrolase(100%)	.	.	pinklist	.	.	.	Yes	.	OG
REJECT	LAMP2--DDX31	chrX	120439205	chr9	132662329	Arriba	1	TRUE	LAMP2	DDX31	ENSG00000005893	ENSG00000125485	ENST00000371335.4	ENST00000372159.7	ENST00000371335.4	ENST00000372153.5	e9	e3	-	-	CDS	CDS	inter	NA	0	3	0	3	.	.	.	.	Lysosome-associated_membrane_glycoprotein_(Lamp)(94%)	DEAD/DEAH_box_helicase(100%)|Domain_of_unknown_function_(DUF4217)(100%)|Helicase_conserved_C-terminal_domain(100%)	.	.	.	.	.	.	.	.	.
REJECT	XIAP--WDFY2	chrX	123910933	chr13	51751380	Arriba	1	TRUE	XIAP	WDFY2	ENSG00000101966	ENSG00000139668	ENST00000434753.7	ENST00000298125.7	ENST00000355640.3	ENST00000298125.7	e7	e8	+	+	3'UTR	CDS	inter	NA	0	6	0	6	.	.	.	.	Inhibitor_of_Apoptosis_domain(100%)|Zinc_finger__C3HC4_type_(RING_finger)(100%)	FYVE_zinc_finger(100%)|WD_domain__G-beta_repeat(61%)	.	.	.	.	.	.	.	.	.
